t_s,cx_px,cy_px,displacement_px
0.504493745000218,322.84584849487266,185.86382181056342,0.0
0.6006721960002324,323.4067028985507,185.85835597826087,0.5608810368053146
0.6132397279998258,323.82248454187743,186.35964024732993,1.0952871269884896
0.6211531649987592,322.57878787878786,185.5816017316017,0.38854799656252553
0.6281734650001454,325.05084112149535,186.38392523364487,2.2655021637953707
0.6603642779991787,323.73125156759465,186.5665914221219,1.130408655361235
0.6921462459995382,323.6421052631579,186.47271627344222,1.0023858079424683
0.7250836929997604,327.04680664916884,186.48687664041995,4.24691025748781
0.7564460269986739,325.02155287817936,186.61352074966533,2.301247066881465
0.7932674929998029,323.39343009931247,185.4792462439521,0.6691367423444149
0.8247568610004237,324.42439090785354,186.38900231386958,1.6636137504337993
0.8569739960003062,324.38174968606114,186.56578763778427,1.6887120807526834
0.888602651999463,324.0207972270364,186.25491045638358,1.2383274413912495
0.9214625049989991,325.9280442804428,186.1991082410824,3.1003786625308445
0.9571742520001862,324.3279287174992,186.71326321939816,1.7082483699228124
0.9888384549994953,325.325862841775,186.7192589272374,2.6234030993015525
1.0207008959987434,325.2433159310236,187.54421768707482,2.9277261499669955
1.0532047389988293,325.35156749840047,187.77367242482404,3.1505804375435478
1.084542495000278,325.4823378291586,187.57530507385997,3.1432866509988844
1.1222106000004715,326.23570843570843,187.96134316134317,3.986319886243453
1.1526146529995458,327.6558808423215,187.36021229241567,5.037419543544312
1.1859177379992616,327.3597236981934,187.2585901523202,4.724452145838823
1.216510672998993,328.398627341866,188.24058616212204,6.040063054841133
1.249272913999448,324.64988009592327,188.52581934452436,3.215705348504954
1.2846168919986667,327.5407523510972,188.04824103099963,5.1782052440785975
1.317556837999291,324.8182395932634,187.3250714966635,2.454705133033012
1.348637854000117,328.76155071694103,186.61302885466452,5.962955976285203
1.3815525760001037,326.4850356294537,187.3716547901821,3.9391932289399043
1.4129756959991937,329.94713571703187,187.09054209919262,7.206463964950927
1.4494139620001079,329.04946455889853,187.44773074961753,6.402626007901405
1.4808082389990886,331.5032441200324,188.49959448499592,9.049740140016164
1.5131161249992147,331.9648711943794,188.42896174863387,9.472936075789969
1.5448483370000758,332.661335039454,188.20260183407973,10.090275918192546
1.5773850080004195,333.02304330552244,188.331744139849,10.472150439967104
1.6127758610000456,333.34417344173437,188.2051282051282,10.756232719829418
1.6453739930002484,331.59016393442624,188.6998583282736,9.192722971796815
1.676573388000179,331.2960649594004,189.12013325005205,9.055921956836862
1.7094261059992277,332.689448441247,188.89068745003993,10.298464715854724
1.74068517699925,332.60954763393784,189.17323327079424,10.309317392111334
1.7773425229988788,332.79610256410257,189.352,10.543952917359197
1.80863144399882,332.4629166666666,189.4658333333333,10.26949303671313
1.8412928790003207,331.80734299516905,189.74628019323671,9.766364050762837
1.872492833999786,331.63174416323324,189.70021581322345,9.58696415133399
1.9094047519993183,332.57001239157375,189.53221809169764,10.393098419881557
1.9407511169993086,332.95100556268716,189.32049636285836,10.680018648189938
1.973586993999561,332.251356238698,189.46976090014064,10.073051803544926
2.004845624000154,331.4443069306931,189.22689768976895,9.232755105699779
2.0373280179992435,330.10711382113817,189.33638211382112,8.048891178180197
2.072907020999992,331.291718426501,188.96604554865422,8.997583621348452
2.1054871790001926,330.5735826296743,188.81001206272617,8.270303008966337
2.136828564998723,331.4015863076601,188.43039031517426,8.932408600709087
2.1691399609990185,331.13774104683193,188.33524051705868,8.652363406379349
2.2007289769990166,330.31351909184724,188.34963880288956,7.870539388393664
2.2375513890001457,330.49408836341007,188.26094171333747,8.01509556493001
2.2685894559999724,330.17865191559105,188.42860069657857,7.768403744724424
2.301350231999095,329.81788814859675,188.5626892792247,7.476177000747067
2.3324956439992093,330.3734413965087,188.42601828761428,7.951698289030689
2.3652999969999655,330.35205508930494,188.52765224876262,7.964868488667924
2.400900169999659,329.4477703115455,189.07676644267968,7.342232962968821
2.4330229949991917,329.6738223017293,189.00814947326572,7.51718183613746
2.4647907449998456,329.917215240375,188.95790943546777,7.71865311307503
2.49716647599962,329.6771166560034,189.29430582213692,7.6442426206224185
2.5284189350004453,330.44487847222223,189.2456597222222,8.317576826058781
2.5655332669994095,329.76577777777777,189.36088888888887,7.753379871431257
2.596881075998681,330.25032509752924,189.28716948417855,8.157547612716394
2.6292901109991362,330.8886583679115,189.1118026740433,8.673878621665308
2.6606133759996737,330.58778290485606,189.07932322566467,8.383137703688467
2.6933197519992973,330.871989860583,188.85678073510772,8.566022901345555
2.7288578569987294,331.7759934115709,188.57360510603252,9.332224479813721
2.7615221830001246,331.33020050125316,188.61319966583122,8.918705486740205
2.79206178899949,331.18311874105865,188.67872470876762,8.799645077175366
2.824964010998883,331.7820901556499,188.3741661613099,9.28214650709281
2.8563356470003782,331.95659196446593,188.48071875630927,9.47912423135125
2.8931092149996402,331.8865017361111,188.66059027777774,9.46336752364185
2.924490526998852,332.7021131561009,188.3617359690979,10.167867436959613
2.9569810390003113,332.8086007130124,188.6091800356506,10.334090358812563
2.988432144999024,332.0166886253843,188.99121651295562,9.68942239372159
3.0209242469991295,333.5280506439642,188.58524339663828,11.0234104615228
3.0565456570002425,332.17035165297955,189.33838702884816,9.95082723202747
3.0890638979999494,332.43731279418057,189.40949935815146,10.225850413357719
3.1205434999992576,333.5470771976796,189.13409192324855,11.189770433735468
3.1528695460001472,333.13205888815645,189.36761151395297,10.866584860961522
3.1844059149989334,332.46137010286714,189.62158021448892,10.323710767746325
3.2212321829993016,332.20439045183286,189.4462915601023,10.020798225019096
3.2525164269991365,332.1034626616604,189.49791405924068,9.945353011985299
3.28482903099939,331.68935538592024,189.65055131467344,9.62013172827188
3.3166231729992433,331.8767403767403,189.4617117117117,9.721204653887705
3.353410880999945,331.4165219069677,188.065045358039,8.848832004437314
3.3845373849999305,331.14126784214943,188.82640638119227,8.808569094086849
3.4174924999988434,331.566144200627,188.47272727272727,9.102194510463159
3.4483686169987777,331.2857456140351,188.3342105263158,8.794014088512867
3.481026486999326,329.52931529315293,188.830053300533,7.312130858771741
3.5167648779988667,330.52875860537415,188.39284921163667,8.088453953718561
3.549108670998976,330.4923335433732,188.30434782608697,8.02651237022592
3.580507183000009,329.6064924782264,187.19912905779887,6.8912518829438305
3.6130678959998477,330.1013051584835,188.13548788067123,7.602770424760586
3.644418873000177,329.56945344566856,188.599049470728,7.2586730114599165
3.681262209000124,329.5201397451705,188.5154130702836,7.181719842936455
3.7121339249988523,329.94284522319566,188.6034626616604,7.607430220174666
3.7451645950004604,329.92636629119727,188.6944096787651,7.625349824347743
3.776243111999065,330.0322061191626,188.67733494363927,7.717486122707342
3.8085419819999515,328.50690215184727,189.23507917174177,6.588846993400658
3.8442830160001904,329.6829427083333,188.970703125,7.509898054283585
3.877217760998974,329.0213851285069,188.99293702177752,6.923049524480519
3.9083137130000978,329.3782794386821,189.0451494813911,7.265913554730275
3.9409191989998362,328.56674427629025,189.50368645712066,6.7806535958636704
3.9722054229987407,328.9664646464646,188.60181818181817,6.705114928480525
4.009230203999323,329.5384286020124,188.85420680796403,7.330281776518643
4.040331614000024,329.71997510889855,188.5310101638664,7.37343274314306
4.072815276998881,328.12668918918916,186.93355855855856,5.388099400415743
4.104274602999794,330.113523573201,188.4466501240695,7.712982765519682
4.136997067998891,330.16202270381837,188.51001031991743,7.780020480865045
4.172267762000047,330.108372456964,188.37108763693269,7.6831397373749475
4.204875108000124,328.8888271261812,187.53214748934593,6.269043093561937
4.236304354999447,331.30435651478814,188.20963229416463,8.777766501106527
4.269149468998876,330.64128787878786,188.31439393939394,8.171546912726944
4.3003038089991605,331.10735544217687,188.95216836734693,8.819885571545264
4.3371319210000365,331.0259767248545,189.0671238570241,8.784966810398604
4.3683233319989085,332.025641025641,188.66410256410256,9.597403982671143
4.4011118929993245,330.3856544901065,187.94596651445966,7.822020264210994
4.432233980998717,330.72047319213885,189.44266361381415,8.649729635976472
4.464942484999483,330.4710346104016,188.88580418286136,8.202185120742822
4.500471753999591,330.69752421959095,188.60351632579835,8.31593276325265
4.533187621000252,330.39299830604176,189.73461321287408,8.481892262486713
4.564200548000372,331.87631154156577,189.25322841000806,9.645586552099813
4.597337965000406,330.9885725353476,188.540964555491,8.571525422936515
4.6323774680004135,329.47466521896484,187.90173724212812,6.935006162060264
4.665028350000284,330.42898217366303,188.0977573317999,7.905338974607409
4.695955875999061,331.53086419753083,188.86804290629425,9.18993156380684
4.7281014769996546,329.8802978235968,187.037037037037,7.1316135149078805
4.759978672998841,331.4565608148592,188.3167565408428,8.953281825597728
4.796917497000322,329.56049094097017,187.13189168127798,6.833331864906638
4.828239012000267,331.37444146559426,187.7477658623771,8.73419390960643
4.861014586998863,329.05128205128204,187.10906726124117,6.329142268542025
4.892286910999246,330.91219610206946,187.23809523809524,8.18257851619828
4.924591531998885,329.38238238238233,188.2212212212212,6.948640675983474
4.960457457000302,328.8036036036036,188.56336336336335,6.540823383252551
4.99255058000017,328.6655360844168,187.49745618993782,6.044627773930152
5.023947247998876,327.04257296895327,187.7248559211749,4.590854416359406
5.056778406000376,328.1458206223307,189.15924344112264,6.240954115757431
5.088133473000198,329.384925433293,188.84562676340184,7.186841307789715
5.125189233000128,328.98128940410817,189.12283912955053,6.947289330104123
5.15599137999925,330.27453341360626,188.8591210114389,8.009817533788485
5.188531501000398,329.25119866583276,189.02042943506356,7.1409160832256715
5.220392499999434,326.78736573821226,188.27707991989803,4.621620157673353
5.2527703439991456,326.78844395684763,187.59773267507768,4.307029819128983
5.288121646999571,329.50396099939064,188.8732480195003,7.30664822130195
5.320783279999887,329.41661314493683,188.86983515307213,7.225722406920528
5.351948264000384,328.13240687126034,188.19783825516308,5.77886945955837
5.384809698000026,328.7553235053235,188.51208026208025,6.4757368480484905
5.416353377999258,329.4796989502871,188.4085957615369,7.105198542360081
5.452592865000042,329.96287519747233,188.3428120063191,7.5364090571153
5.483861300999706,331.45014245014244,187.60771422309884,8.77923887448056
5.516320403999998,329.906543849549,187.06946843216272,7.1628906642305985
5.548366508999607,331.0437927663734,188.16911045943303,8.51590547347952
5.581053373000032,331.57927984838915,188.06717203621812,9.007084735000419
5.616157021999243,330.7153409090909,188.492803030303,8.297014710797018
5.648955530999956,330.9574109213578,188.8009698503057,8.626951002882036
5.68001565799932,331.7905162064826,188.92396958783513,9.453654578513994
5.713275136999073,332.349639983058,188.6982210927573,9.917452895870271
5.743828058999497,331.7649467649467,189.0604013104013,9.474620543854092
5.7809262329992634,332.56380127808694,189.10678210678208,10.244774169284206
5.812040329999945,331.26331054485183,189.66873834679924,9.237481107453508
5.844621721998919,332.7532859297565,189.30144365438483,10.486875629435852
5.8760149239988095,332.00619261157374,189.36899423446508,9.808064949706479
5.908722771999237,332.6080910240202,189.12031184155077,10.291069260276954
5.944217927999489,331.56750298685785,189.13719633612104,9.315698463461288
5.976625391000198,331.427545691906,189.16340295909484,9.194170029824006
6.007827722000002,331.89837133550486,188.61194353963083,9.460462082686037
6.040185257999838,329.46438048581336,189.01612573994692,7.330892563549967
6.076345116998709,332.2240611075748,188.27158922130275,9.68236622490929
6.108876324999073,331.6449537595496,188.41777241656612,9.162255025743772
6.139790167999308,331.67152988855116,187.87355623100305,9.05161225989176
6.172864940999716,331.05523565792276,187.89699296225209,8.45741228301606
6.204105659999186,330.9119982828933,187.8750804893754,8.313118180074314
6.240993912999329,330.23203463203464,188.19978354978352,7.746771127373266
6.271930209999482,330.5467241733415,188.20394331484906,8.048580922749853
6.304486420000103,330.4274891774892,188.13809523809522,7.915402394286924
6.335586503999366,329.05078772802653,188.8202736318408,6.873272747291972
6.368540194000161,329.1349899261249,189.00738750839488,7.031024480036746
6.404595586000141,329.15424836601306,188.72549019607843,6.927124575381937
6.436121946999265,329.2855399633923,188.92983526540573,7.132325337153284
6.467736414999308,330.6068104906937,188.69543147208122,8.261388767984448
6.5005784739987575,329.76142345757,188.85175826489785,7.533454806383792
6.531912880998789,329.36609873307117,189.1011358671909,7.279688555835722
6.569014730999697,329.4148244473342,188.67880364109232,7.146717272302412
6.599711425998976,328.69727047146404,188.9485111662531,6.614714473750306
6.6324570549986674,329.3740286298568,188.11820040899792,6.906472235510777
6.664132702999268,330.5595160941888,188.4091596457118,8.122771234485018
6.696105003999037,330.51574803149606,188.01706036745406,7.966416709209756
6.732864752999376,330.34849441987785,188.31480311644555,7.8928451928174
6.764731204999407,329.47804455980963,188.52130651092364,7.144805775975589
6.7958264560002135,330.61347285807716,187.8177458033573,8.009607182469296
6.829069331999563,330.7260450160772,188.10546623794212,8.192830216207469
6.859870721000334,330.89224137931035,186.94334975369458,8.118486252419876
6.896938154999589,331.16531503431065,188.07673112913287,8.608745039379428
6.928018319998955,331.6840171463564,188.2092263727291,9.144077190854047
6.960502489999271,332.02048066875653,188.101776384535,9.443638927935856
6.991779625999698,331.2807653575025,188.65055387713997,8.883338228974699
7.024744166999881,331.4311389759665,188.91431556948797,9.111131917495133
7.059924436000074,332.34919702311004,188.4845280062671,9.858079641256268
7.0925116059988795,331.9209983498349,189.052599009901,9.619077134374004
7.123868085998765,331.7318423855165,189.40638977635783,9.566121221102728
7.156468959999984,331.93691942104124,189.5154461006697,9.797036824505756
7.187813381999149,331.75590236094433,189.17927170868344,9.506906327677944
7.2248210739999195,333.37385702410637,188.79280964256023,10.927851266905275
7.255770501998995,330.7989417989418,188.39408191260043,8.345891761051673
7.288089745999969,332.9555416405761,188.59423919849718,10.471918382637154
7.319612915000107,331.0816369804919,188.99045801526717,8.809316996023181
7.356951065999965,331.4183893195521,188.56503014642547,8.988046654558833
7.388069784999971,331.26838156484456,188.84951768488747,8.936075378415628
7.420747505999316,331.15903755868544,188.5878325508607,8.748105333382274
7.451703004999217,331.7373983739837,188.0319105691057,9.152063598863204
7.484666495998681,331.6498337489609,187.91105569409808,9.038878410958695
7.520265167999241,331.2392354547364,187.89056920814954,8.634619254583995
7.552324176000184,330.87089627391737,188.07774420946623,8.324832985971192
7.583746370999506,330.2626389762953,188.23180197189006,7.785634918859103
7.616451754000082,330.1276959214179,188.43625880845613,7.722870842608402
7.648065493998729,330.0325830653805,188.78006430868166,7.755876745717622
7.6847836389988515,328.2043452730476,187.80093951849676,5.697886690352833
7.716229956999086,329.63139219369646,188.98142350240033,7.467465674349749
7.748489319999862,329.72649047326365,188.87338660110632,7.510040896244965
7.780029290999664,328.9981707317073,189.2552845528455,7.0251753314873016
7.812579007999375,328.6274989800081,188.46083231334148,6.338134258897222
7.8482658230004745,329.8626827717737,188.9184149184149,7.652875428492666
7.8806286079998245,328.9198448610213,188.9676793794441,6.821096954587655
7.912039806999019,328.9731437598736,188.4695892575039,6.658361003433042
7.9442107009999745,329.3454861111111,188.6812065972222,7.0839922486206826
7.976136246999886,330.2117263843648,188.34788273615635,7.773462276551342
8.01276465400042,330.26952141057933,188.23698572628044,7.793768442175977
8.043912215000091,330.4657064471879,187.85893918609966,7.876720672692977
8.07678114599912,329.70210915416396,188.30463144161774,7.277764896119771
8.108000526999604,330.83512771796495,187.87650411652945,8.238899961116347
8.140575190998788,331.35692033822875,187.74254561637738,8.71595933109494
8.176154017999579,330.3132240437158,188.1820765027322,7.8189514901438875
8.208738712999548,330.73673036093413,188.09214437367302,8.199477914440724
8.240107925999837,330.526192003421,188.51186658114176,8.12402717353209
8.272531291999258,331.8871341335017,188.07012002526847,9.306588946090335
8.303932892999,331.04391217564864,187.70419161676648,8.402095520621163
8.34118281100018,331.9276533996683,188.64324212271973,9.497597464643233
8.371990102999916,331.37082002129927,189.07859424920127,9.110976970589379
8.404747967999356,332.1677162048698,189.21284634760704,9.905209889366693
8.435867120999319,331.63604166666664,189.32083333333333,9.445550522125089
8.46873922299892,331.58004115226333,188.59650205761315,9.151702721845428
8.504087576999154,331.86649328131773,189.13242306025137,9.594570677871957
8.536680811999759,332.6185897435897,188.84594017094014,10.21760742197859
8.567935021999801,331.3172222222222,187.36333333333334,8.603063851637268
8.600668696999492,331.6627402355859,188.9900805951643,9.354735376040916
8.635959848999846,332.18388106416273,188.65453834115806,9.746124923232639
8.668770595999376,330.8621616036371,188.05620996073566,8.310706447635146
8.699976201000027,331.5586264656616,188.1649916247906,9.011541626279877
8.73256911200042,331.4140243902439,188.17479674796746,8.874358756289428
8.76401101800002,331.24232667954493,188.76454174715602,8.883412748275472
8.800815984999645,331.45300834431265,188.52129995608254,9.008073643555745
8.832031150999683,331.10470510271705,187.62248729843162,8.444028467926532
8.864671584000462,330.216677195199,187.8262792166772,7.627604787898053
8.895973564998712,330.9954158480681,188.14625627592227,8.463152789175368
8.928547952000372,331.11208333333326,188.80645833333332,8.774380212283894
8.96412772199983,330.18369117328126,188.83279115159402,7.915725748221351
8.996636320998732,330.197962154294,188.3940528176336,7.775322772090487
9.027938002000155,330.4531618435155,188.37427652733118,8.010842606703799
9.06061957899874,330.03388394747986,188.88394747988139,7.796730899961304
9.09194561500044,330.4409100949856,189.0916721890877,8.252513482306444
9.128602569999202,329.4146892655367,189.2612429378531,7.3954134020007665
9.159835434000343,329.9699872286079,188.73861217539377,7.682302541505932
9.192746177999652,328.6924882629108,188.82287665386255,6.552801091354521
9.223894261998794,329.15782747603834,188.6555910543131,6.901815280708694
9.257112743000107,329.35247524752475,188.65544554455445,7.080208667158757
9.292236405999574,330.36830307106027,188.38108047522974,7.932459519949887
9.324534289999065,329.3760122565113,188.65156489384984,7.100320433067052
9.355998719000127,329.28562005277047,187.98218997361477,6.779243423283984
9.388893797999117,330.06369570110286,187.57033535899166,7.4168394066107615
9.41981084299914,330.32812853586785,187.9133288074225,7.757898783952346
9.456710419999581,329.59063180827883,188.28235294117647,7.16529097626515
9.487837202999799,330.5418038183015,188.06473557164801,8.00448310160902
9.520715623999422,330.0656660412758,188.1380029184907,7.5695221193285365
9.551838826999301,330.745262704565,187.7652885443583,8.125042805796028
9.584606331000032,330.86426116838487,188.38659793814432,8.40591108641017
9.6199038499999,330.8454545454546,188.76883116883116,8.510744758017946
9.65257254899916,331.0411575562701,188.94726688102895,8.75618205123678
9.683932873998856,330.87182795698925,189.30623655913976,8.733073091846494
9.716450281999641,331.39038251366117,188.76961748633877,9.025115517686677
9.74798257600014,331.46103038309116,188.98921180096872,9.164574270483802
9.784793206999893,332.6758620689655,189.24451410658307,10.395106890610418
9.815837567999552,332.4744623655914,189.29905913978496,10.223065126442016
9.848623937999946,331.74339933993394,189.28052805280527,9.531017395127618
9.879978367998774,332.54928372888605,188.54094505024588,10.065964642354976
9.912691919998906,332.8545572074984,188.6617108381814,10.392421907575491
9.948038391999944,331.90391380826736,188.89116094986807,9.55056697197031
9.980368476999502,331.7993867717915,188.80091984231274,9.422971533670065
10.012052582000251,332.96979645436636,187.99474720945503,10.345780074125784
10.044460715000241,332.05031847133756,188.20063694267515,9.49647158208301
10.079610728000262,332.2658366098733,187.8149847094801,9.6199382921546
10.112353372000143,330.9744707347447,188.55292652552927,8.561879681856924
10.144308258999445,332.0516923076923,188.08225641025638,9.469372332902768
10.176301068999237,330.833442194644,188.18397561506637,8.317738081304121
10.207705071999953,330.3130990415335,188.4843450479233,7.913720538668909
10.244623508999211,331.6598470758421,188.17565612729902,9.11214293639908
10.275506260999464,331.7659717552118,188.2941044608832,9.24526217800712
10.308570315999532,329.62565720294424,189.13964248159832,7.529728227952373
10.339879666000343,330.1171823568137,188.7542242703533,7.824750635730828
10.372553854000216,329.7851275399913,188.91180285343708,7.579167639242467
10.407955761998892,329.867087276551,189.04752891692954,7.709331032487188
10.440406282999902,328.6026200873362,189.27698066126013,6.692538569771917
10.471833519999564,328.78846541641457,187.9556362169792,6.300030427472939
10.504342846999862,329.01020408163265,189.17835884353738,6.9989596043251305
10.535880014000213,328.7441962330267,188.9395532194481,6.652114681797547
10.572778890998961,329.8796046720575,188.14824797843667,7.395426213312521
10.603910014999201,329.5756259052348,187.98468859921374,7.056059801916403
10.63626700399982,329.6209065278681,188.43396226415095,7.2461737007625775
10.667464062000363,329.71944998891104,187.93834553115988,7.179836082123607
10.700324268998884,329.6335894152795,187.87259923175415,7.078743781946868
10.736037261000092,330.0898607484769,188.19886858137508,7.6110549171745125
10.76841204700031,328.31380670611435,186.78658777120313,5.545274025510443
10.799560330999157,328.5839934998984,188.2772699573431,6.225033337733699
10.832310861000224,330.01190476190476,187.95500403551247,7.464945111667799
10.86355946599906,329.2445874780573,187.20811390676806,6.538423496137694
10.900627799999711,330.1315960912052,188.41628664495113,7.719921940554287
10.931604511999467,327.2823363331568,187.61284630315862,4.7688060366239675
10.964262786999825,330.11207897793264,188.8439798683701,7.853626390557435
10.995758905999537,328.77716593245225,187.73568281938327,6.219677658984895
11.028330158000244,329.43482905982904,187.4561965811966,6.778666704855906
11.063919318999979,329.4309168050175,188.4342372256041,7.0689574942244855
11.096570153000357,330.1991159332931,188.99397227245328,7.991769762387044
11.127726398999584,328.7149099807726,188.53941618598145,6.450169609168612
11.160277013999803,328.99264164827076,188.16777041942606,6.564392223423425
11.191631207999308,330.64410134600155,189.2458432304038,8.50004802424075
11.228706449999663,332.12383778437186,187.9564787339268,9.51106188892505
11.25975812499928,330.7985583479446,188.52289109682445,8.385478130451743
11.292451059000086,331.03542178542176,188.62919737919736,8.643865611916512
11.323405477000051,329.87326768781907,187.69857768052518,7.2629848971170725
11.356165901999702,329.2511243029321,187.50242849433351,6.611549745816616
11.391887226000108,330.3080721747388,187.04026590693255,7.554389648425408
11.424254284000199,330.86154741128564,187.18053131665695,8.123124586144263
11.455727610000395,330.18415993848515,187.45847750865053,7.5095766617630195
11.488643147999028,328.88522789676,186.58575874061867,6.082375891945412
11.523821246999432,328.1257374631268,187.78797935103242,5.619573805693434
11.556597509999847,328.83151136560815,187.41436751691828,6.183231516739202
11.587958275998972,328.84102288984263,187.76108726752503,6.288221707309896
11.619921022000199,328.8793788371253,187.46876128566268,6.243341982433357
11.651620073998856,328.3073617339312,187.2298206278027,5.629749517439553
11.688595338999221,326.5855442176871,187.8362244897959,4.227965991854705
11.719518054998844,326.22463768115944,188.3471359558316,4.193216606551283
11.75239842999872,326.757993287405,188.2928811164105,4.604911072872111
11.783824019999884,326.9429211933092,187.05087083979996,4.265570312875574
11.816178117998788,327.9062562864614,189.00704083685372,5.9571430119148285
11.851715790999151,326.71169208424107,187.4161220043573,4.165859160979084
11.88442398099869,327.03489640130863,187.8525990548891,4.637171259503287
11.91555180099931,326.7836257309941,187.63815789473685,4.3190691243503245
11.948403360998782,327.2186959030583,187.43527601461818,4.6466399441658055
11.9795090789994,327.42361489554946,186.95985467756583,4.70714704090652
12.016467330999149,326.8553526673827,187.14715359828142,4.209876980001074
12.047847519999777,327.1174364482635,186.5452918009309,4.325605736925786
12.080378483999084,326.4576605669178,186.95102260495156,3.7718950159156486
12.111635006998767,326.97629310344826,187.13415948275863,4.321380620346882
12.144516063999617,326.940414507772,186.87651122625215,4.217939151604543
12.17989784099882,327.3569290368022,187.0121500264131,4.654944183026488
12.212349231998815,327.6583034647551,186.57859703020992,4.865246802760034
12.243442318000234,326.5978516280631,187.17522658610272,3.974582996589476
12.276123232999453,325.97484276729557,186.87044025157232,3.286926503990405
12.307560031998946,326.67397304757264,186.6879363533041,3.9158271630067114
12.344574298000225,327.26598837209303,187.3674095607235,4.668877023077951
12.375411315999372,328.06602336211273,187.3272388691383,5.421421873631762
12.408335890999297,326.4807386182744,187.25819802610633,3.8931621132025085
12.439440632999322,326.53606609469335,187.57737527804258,4.068657201084442
12.472463439000421,326.8047281323877,187.33743104806933,4.224245751515183
12.507954659999086,328.09651297306226,187.53296975706496,5.509585495282964
12.540127742999175,327.2617817441678,186.95381243150146,4.548466336685745
12.57161696500043,327.7727916863486,186.77704298535664,5.010862413409705
12.604347786998915,327.7028534991232,186.94611828471224,4.976129346115285
12.635506533999433,327.3309814989025,186.84101599247413,4.590351460726911
12.672691432999272,327.619209039548,186.84277643260694,4.872712082760883
12.703457851999701,327.78402875449285,186.30832942647288,4.958145953590324
12.736059159000433,327.4626189397372,186.32019332427123,4.639271957872115
12.767627441999139,325.34739520557116,186.10486139011653,2.5131327113221955
12.804152108999915,325.234548543055,185.88187638834444,2.3887682784157014
12.835498840999207,326.39154599970743,186.2632733655112,3.568127287603647
12.867832093999823,326.6412808308092,186.31732294821865,3.8224298421981895
12.899478653998813,327.25178826895564,186.46237482117309,4.4464110245631
12.932243691999247,325.0867297927816,186.2600521476602,2.2756422107515077
12.968057500998839,324.2287581699346,186.23009203681474,1.4305918523527896
12.999724008999692,322.6836774444877,186.6791325801844,0.8312828042506835
13.032006093999371,324.36764705882354,186.5937139561707,1.687783580161314
13.06440395899881,325.14615605278254,186.48264486517496,2.382090853409272
13.095430530998783,323.03019561507153,186.44952080871732,0.6140253880452371
13.132338555999013,322.6669264744089,186.2166796570538,0.39562829680983047
13.16346165199866,324.2863933452169,186.87581699346404,1.7604839437118769
13.196954357999857,322.32391938477855,186.4200477326969,0.7627563650451331
13.22784721700009,321.97555555555556,185.97450980392156,0.8773036145479185
13.26016767299916,322.93555375033844,186.10844841592203,0.26055557738696855
13.295838846999686,322.65055858664584,185.91971940763835,0.20313219738384158
13.328356960999372,322.6734100224778,185.4338225571863,0.46328650386856673
13.359557870999197,320.3466716067679,185.337285414351,2.5540410518574697
13.392247538000447,322.4010598423161,185.26832105467236,0.7432752489555308
13.423364743999628,323.1762241424457,185.4673998428908,0.5160411272008423
13.460457740999118,322.6784860557769,185.59203187250995,0.3191863976537778
13.491560856000433,323.47002778880506,185.38533809712848,0.7864772437880446
13.524272892000226,325.23581871345027,186.16330409356723,2.4086608901049384
13.555582543998753,323.3681136333466,186.3039957520244,0.6830182820441097
13.58819426700029,324.337721047733,186.03589948145193,1.5017637759636009
13.623692274999485,323.7405971306708,185.98112963681012,0.9024058107976306
13.655624895998699,325.37120911137595,186.2657926102503,2.557152081356677
13.687400523998804,324.31721862707775,186.48318741276486,1.5964159279885655
13.71938833599961,324.72961487383793,186.57397078353253,2.0131784159207124
13.751332579999143,325.88435374149657,187.5527950310559,3.4763694673181327
13.788609397999608,324.6694544006372,186.48984468339307,1.9280672023675143
13.8192566609996,324.0413689356901,186.26701767581798,1.2616798445607147
13.852236970000376,325.9841947885519,186.6816175423608,3.2431477484068454
13.883443073000308,326.07264621033306,186.13729346970888,3.238365366177243
13.915964789999634,324.8603322949117,185.9180944963655,2.015214754075586
13.951320156000293,325.73716413939877,185.98417132216014,2.8938193034851087
13.98410193699965,326.72809667673715,186.21709106603367,3.8982881002371674
14.015335928999775,325.35662466590304,185.23965890288912,2.587194680794325
14.047864594998828,325.9264199655766,186.1989386115892,3.098745529475567
14.079378675000044,325.54662545079856,185.33153013910356,2.7527314778535734
14.116124449999916,327.01658664338714,186.0944274698094,4.177108530257543
14.14743956500024,324.5986687548943,185.90864004176453,1.7533931498070423
14.179936295999141,324.9144465290807,185.39799874921826,2.120398300228128
14.211337729999286,324.883984375,186.04518229166666,2.046189016188024
14.248296955000114,323.87122659533816,186.13921793402113,1.0617171345183125
14.279587201999675,324.300390625,186.176953125,1.4878655948694137
14.311600044000443,323.8722870405219,186.44272989587253,1.1784356831116243
14.343527237999297,322.63540885221306,186.78632158039508,0.9461980070482939
14.376009466999676,322.3730793650793,186.3254603174603,0.660772851391109
14.411435652000364,322.70194412256984,186.1008111239861,0.27725872942869556
14.444247497998731,323.6075003167363,186.2884834663626,0.8720384278541548
14.475159670999346,323.9696848290598,186.0957532051282,1.1475191840766759
14.507991663998837,321.9097491595552,185.86436514093612,0.936099492997242
14.53912389099969,322.21843532145624,185.82868577330234,0.6283962374894265
14.576225220998822,323.0156054931336,185.40249687890136,0.4915670158092081
14.607233343000189,322.65563585647266,185.4720426017497,0.43551325613095865
14.63987444399936,322.7142300194932,185.44288499025342,0.441034272765635
14.671229014000346,323.1190664556962,185.47929852320672,0.4717056419380488
14.704053882998778,322.2013091268371,184.8121526491293,1.2334662630405553
14.739489489000334,322.0365019011407,185.0013941698352,1.1827186243048504
14.771829987999809,322.55254192872115,185.26611635220127,0.6657931786249391
14.803066667000166,324.18308930220286,185.0459042342699,1.5675465346837425
14.835915439000019,323.5887514958117,185.48530780481317,0.8337731833978398
14.867302311999083,321.6895570403365,185.82430091561494,1.15696664989567
14.903795914999137,323.99106666666665,186.09093333333334,1.1675205800250636
14.935229311999137,323.6901930699399,185.76307377573198,0.8503340096502376
14.967958183999144,324.5277223773434,186.12192527589414,1.7015631505627467
14.999256891000186,324.08676844783713,186.31297709923663,1.3197055743644
15.031538858998829,323.05807024217063,186.4026879675415,0.5791500713653919
15.067292345000169,324.17496349395986,186.60533651931502,1.5219693637171403
15.09977118200004,323.6891908896439,186.09198439662765,0.8736615823635654
15.13125322399901,324.0988732750981,186.2850993796683,1.3219477637523644
15.164114023000366,325.60831053797057,186.12062003386737,2.7743723374934293
15.195343100000173,325.10939112487097,186.1833075335397,2.2859782074651007
15.232153449998805,325.4843564356436,186.13716171617162,2.6526286693597174
15.263365082999371,325.0192774160602,185.91803906549214,2.17410505408238
15.296087671998976,325.2211969755222,185.84916057926438,2.3753937265698486
15.32740977299909,326.4095164806977,185.55213543670644,3.577272411886223
15.360682225000346,326.0020048115477,185.73910719059074,3.158619386966823
15.395374183999593,326.7888239116309,185.38440545808967,3.972013994962656
15.428347134999058,325.1946490887941,185.50536383611217,2.3759958647803803
15.459249322999312,325.91325801843914,185.50188287235423,3.0886892009812756
15.492247528000007,324.82245263696876,185.44879672299027,2.019705364122845
15.527287310998872,325.084250524109,186.01074423480082,2.243218634737408
15.559878414000195,325.5229791835631,186.03041362530413,2.6823089973131036
15.591180851999525,324.8597034171502,186.2254029658285,2.046057814389468
15.62442966999879,324.57014887711324,186.11216250315417,1.7420921065751602
15.655512699999235,323.99024786672084,186.42137342543683,1.2729940005885538
15.692209998998806,323.90821643286574,186.51503006012024,1.246072959327237
15.723292708998997,323.9424398625429,186.25527736867943,1.1643668157538976
15.755984534000163,324.9469758611337,186.51573094656902,2.1999367561042793
15.78709545699894,323.5842725741676,185.74724705272703,0.7475692576926755
15.819935789999363,322.8179966908489,186.08781977854142,0.22572286690906931
15.855244237000079,322.95711204161904,185.89925136404008,0.11676827520410153
15.887807385999622,322.5359848484849,185.5554292929293,0.4371743637102379
15.918792278998808,322.30900522226466,185.3763851738632,0.7251173519797159
15.952112466000472,322.64396284829724,185.50374097007222,0.41281475988877814
15.983458736000102,322.8645310690853,185.03203396372058,0.8319976326496749
16.020580046999385,322.3970122800354,184.9140397518673,1.0504950769853434
16.051190952999605,320.5006727828746,185.12623853211008,2.4584300300801094
16.083849243999794,322.45712796455564,184.96572843367213,0.9786088924110358
16.115173881000374,322.32432770481546,185.29030644152593,0.775179858474209
16.148168723999333,323.25196430949524,185.65907577573577,0.45480874404985633
16.183139280999967,322.4113782682959,186.0360005255551,0.46734343654088945
16.215801766998993,322.9751048218029,185.8430293501048,0.1309180066431855
16.24713594199966,322.87240890948885,186.01557873052658,0.15406368287591354
16.280062754000028,323.45512060102806,186.14564386450508,0.6712943984772486
16.310868963999383,324.1842492311806,186.344297365958,1.4220313956736037
16.347811112998897,324.40031092110377,186.34058815908796,1.6259334505599339
16.379088997999133,323.87131605691053,186.4235264227642,1.168269221417195
16.411730567999257,324.92480824845967,186.3687916509493,2.139408375400527
16.443067526999585,325.3144857296715,186.62722132471728,2.583979221132719
16.475925087999713,324.05843982960596,186.49853567625132,1.3686633758403755
16.51125918499929,325.0238762171535,186.1670001333867,2.1990274792402564
16.5439213819991,325.8145900755124,186.12459546925567,2.9801727254786936
16.575114373999895,325.53373253493015,185.8789088489687,2.6879263813437406
16.608163359998798,326.3282524401658,185.88621473459017,3.4824759412291155
16.63906109599884,325.8492320129345,185.6362166531932,3.0119954621856913
16.67598200700013,326.4059897931775,185.84246575342465,3.5602053515313417
16.70736654800021,327.12572743267015,185.758966030586,4.28116321305288
16.739744095999413,326.5443594104308,185.9281462585034,3.699070238195732
16.771250030000374,326.3233969263381,185.7286698463169,3.480173723627516
16.803329815000325,325.2251302083333,185.81028645833334,2.3798839269902943
16.839027539999734,325.41749634939595,185.9604407274658,2.5734622404025354
16.871917836999273,326.3679258937617,186.4779273411492,3.575213952543418
16.902963137999905,325.0990111891751,185.89799635701274,2.253421848350018
16.935811311999714,325.5671345526726,187.034595207713,2.9624496883237605
16.971239549999154,323.8661212346597,186.14949795462996,1.059512776157665
17.003997300000265,324.4857357357357,186.13526026026025,1.6622000465405125
17.035260971999378,324.70564143215745,186.1666006077421,1.8842783153227065
17.067372047999015,323.74764667956157,186.54468085106382,1.1299597333265192
17.09936352600016,323.8577342867896,186.3105005645465,1.1060898540097153
17.136368061999747,324.2941883767535,185.9815631262525,1.4531178310332447
17.167102011999305,323.4503134587168,185.85767640389489,0.6044962022529161
17.19981630300026,322.2039911308204,185.7083025375708,0.6604294966612884
17.231006746000276,322.60231906218144,185.96024464831805,0.26192355416717017
17.263636200999827,322.9365206910406,185.51493236909064,0.36047924978991863
17.29910017899965,323.1768734360595,185.37929672066377,0.5868066755158997
17.33153602099992,322.6532,185.5468,0.37096667094175134
17.36304183500033,322.4925221799746,185.32648922686943,0.6430908103049555
17.39613437799926,322.0668226729069,185.66874674986997,0.8030787698563607
17.42699332399934,322.52638402696743,185.21522105536107,0.7230079431811433
17.46391407900046,322.0861981156099,185.7689075630252,0.7655569300188136
17.49489211099899,322.7893692978977,185.53669178897263,0.33196980392338227
17.527619942000456,322.13983548766157,185.80689385037212,0.708304425372862
17.55918296100026,322.9130156290033,186.1324622085575,0.27690989029240337
17.59187625300001,323.33842737722046,186.31308777429467,0.6666887290950528
17.62728447399968,323.1974134651959,185.81336376315454,0.3551674857115955
17.65986576099931,323.9770580296896,186.1234817813765,1.1606284125866584
17.691093408999222,324.37460964019004,186.3632043448744,1.6082579255228253
17.72391953799888,324.2707241703614,186.73774015853823,1.671527436067544
17.75508079700012,325.1199315429173,186.25236966824644,2.3070377428889386
17.791992984999524,325.06824656824654,186.1048951048951,2.235434975519499
17.823046344999966,325.04505551252254,185.71817712367672,2.204024473842978
17.855809874999977,326.13049768518516,186.03327546296293,3.2890173066939226
17.886914492999495,325.25431900361593,185.78143832864603,2.409879090240616
17.919890029999806,324.5531587057011,186.12686183872623,1.7274542576910503
17.955269760999727,326.34699562276165,185.3981960472211,3.5319737488567933
17.988338072998886,326.0241704219582,185.78615321589513,3.179270778463299
18.018936997999845,326.96518675123326,185.79774489076814,4.119868181100661
18.052016390000063,325.9918634120315,185.6469254368414,3.153482819981678
18.082880271998874,325.7278830963665,185.86348077935756,2.8820346216709565
18.120523472998684,325.9358561460011,185.57984433709072,3.103029244056861
18.150820876999205,324.93192399647666,185.92399647665783,2.0869432164848076
18.18362766700011,326.34382665576453,185.95993458708094,3.4992983410801677
18.215108749000137,325.5470635559131,186.28519710378117,2.733883674139423
18.252136062999853,324.2982725527831,186.41433141394754,1.553253510350177
18.2831071469991,324.18306546452374,186.61831961322358,1.5353879503701404
18.315545830999326,324.68896008543584,186.54919236417032,1.966416316810806
18.346876831999907,324.3803617571059,186.10529715762272,1.5533966960204106
18.37946620100047,324.2177030374136,186.1479598487811,1.4009708457539365
18.415204699998867,324.760475046704,186.3231918868428,1.9689631027417898
18.448002417999305,323.6076099881094,186.1203593605496,0.803798536407718
18.479117521999797,323.1647301833204,186.05435063258454,0.371465695923638
18.511457837999842,323.9055731642895,185.6443475964078,1.0822131516710645
18.54293019599936,323.431090366913,185.42188512900296,0.7333594475412166
18.58002882799883,325.1553120533587,186.3874861044942,2.3680891496548804
18.61103868200007,323.18576809254773,185.76540220608015,0.3538809848384476
18.64372196899967,323.55228622737945,185.31896670810883,0.8921442442677926
18.67495447699912,324.3690260133091,185.57365396249244,1.5505699380306521
18.70728399899963,323.0901994796184,185.9640069384215,0.2640917711518944
18.7433053019995,323.179476861167,185.26036217303823,0.6895443574696847
18.775430759998926,324.9627061180459,185.96409308059793,2.1192311163204964
18.806930757000373,323.60555317017315,186.08902247030198,0.7923802943158782
18.839373164999415,324.6672524897481,186.35896309314586,1.8875056032408322
18.870882158000313,324.96809835045127,186.65266106442576,2.264113914523194
18.907677512999726,324.96878733572277,186.10722819593786,2.1368472080219174
18.93898004499897,325.54373633239607,186.95579506404246,2.9104989898933726
18.97162745099922,324.7509786208973,186.6997892201144,2.0804716549181856
19.00291577600001,325.627544529262,187.04230279898218,3.0210346353198254
19.036267204999604,325.94030332365276,187.10454985479186,3.333925129197625
19.07099224099875,325.2948543835823,186.56345254262862,2.546981155050915
19.10372218199882,326.9053968253968,187.3004761904762,4.306263862698597
19.13459475399941,327.05547697626906,186.91560584629892,4.33903464024106
19.167449683000086,326.0955936173327,186.63621724491287,3.340275148540444
19.19887025599928,326.5894078277317,186.08497017314127,3.750085742607341
19.235635601000467,328.27744602664217,186.2668810289389,5.446531784598536
19.267109906999394,327.4466170080695,186.10273122284295,4.606967399417887
19.299583906999032,327.5506368437403,186.15004659832246,4.713486823654888
19.330817074998777,328.0750778816199,186.00716510903425,5.231193676441115
19.363439261998792,328.3025422390652,186.21901152692246,5.468241614314162
19.399320257,327.4070042593469,186.87505915759584,4.671909981991262
19.431934017999083,327.4049652118912,186.40211891208094,4.5907852279212475
19.462908903000425,328.03409090909093,186.31060606060606,5.207444240198804
19.495644975999312,328.8357558139535,186.60594315245476,6.0357049113809955
19.52697767599966,328.9908860759494,187.00911392405064,6.250854413443128
19.5636279549999,328.2818651177799,186.61245563084864,5.487324422831094
19.59476455099866,327.62576687116564,187.5961145194274,5.0841378534818125
19.62738762799927,326.78545682494905,187.16486444131013,4.148882466571889
19.65878090499973,327.50791295746785,187.60138476755688,4.9753361778787255
19.69550618500034,328.32051282051276,187.83755060728745,5.8195837343794725
19.726629020000473,326.5129911280101,187.1391001267427,3.882559706622875
19.759346542999992,325.6381766381766,187.318138651472,3.148354162675738
19.790748236999207,325.8966555714059,186.6031066730068,3.139102726268026
19.823414290000073,326.7746192893401,187.1773265651438,4.1425275733259115
19.858919749998677,326.2437457741717,187.06152805949966,3.6028053207755857
19.891434752998975,326.3945611463931,186.2296042989741,3.567514304370619
19.922814943998674,325.6556366585563,186.1920519059205,2.828894575673495
19.955437127999176,325.7028192371476,186.21293532338308,2.878222032270668
19.98689041599937,325.3407258064516,186.33114919354838,2.538268638800648
20.023519800999566,325.91870316063864,186.05669599217987,3.078901792336679
20.05486734399892,325.0658952105432,185.75875924140146,2.2225313413309835
20.087497565999,326.46724890829694,187.0121906841339,3.7991172690685824
20.118839791999562,326.0584227559189,186.8892863226026,3.3722708740830196
20.151968026999384,325.37953456536616,187.1216632443532,2.828732963072176
20.187127687999237,327.34152849247187,187.64455879550218,4.835510609061096
20.219456638998963,323.87465896324824,187.74289841116996,2.1422837932417376
20.250890911998795,326.0826926362549,187.31197676405262,3.546027744521424
20.284135844998673,326.53233056708154,187.01002766251727,3.860561866331221
20.314710736000052,326.88527131782945,187.58363479758827,4.3902953719497715
20.35162904199933,326.87471919820285,187.86054950751685,4.496523172400351
20.382867027999964,326.4154368108566,187.50958439355384,3.9307117962501787
20.415867101999538,327.05997931747675,187.79041709755253,4.633645216227769
20.44675365399962,328.5812883435583,187.27556237218815,5.906630314420203
20.47956951499873,328.916441563119,187.472717450027,6.280178769662978
20.51497196299897,328.1653570804959,187.34695302950934,5.5223952959862626
20.547896701000354,329.0144557823129,187.19166666666663,6.309903947647744
20.578724692999458,328.25297315664284,186.70693170234455,5.472461182826471
20.61146652199932,327.925702811245,186.52192101740292,5.122305578702773
20.642795116000343,327.9305763162265,186.61501411725627,5.139917012840227
20.68010936799874,330.20944595821976,187.08465031789282,7.464113466884065
20.710958678999305,330.0862935055615,187.0534625044851,7.337526077190027
20.743291781000153,329.99309342057427,187.2680843329698,7.283890667754603
20.775334100999316,328.9956369982548,187.51849912739965,6.368504978343292
20.807265628000096,331.1479885057471,188.71756978653528,8.778918285900929
20.84288162699886,329.6984915378955,188.49981604120674,7.3421510648497526
20.8752175059999,330.44145658263307,188.01288515406162,7.893778276416119
20.906815757000004,329.96798075143437,188.41847121969275,7.566439154815272
20.93924423200042,329.5414107574911,188.5045598362181,7.197503131832533
20.970854166998834,329.4190005491488,188.13289401427787,6.953777145861385
21.007828345000235,330.69762641898865,189.24582043343653,8.549171378253618
21.0388767000004,329.77025153495737,189.04654387007326,7.620831789878647
21.071240537999984,328.95395627781,189.17682337009091,6.948738016461067
21.102680522999435,328.39013698630134,188.1048401826484,5.9800751015527345
21.13971272299932,327.7675977653631,188.0459962756052,5.3838184662425075
21.17074590899938,328.373011416807,186.96032191652628,5.634877323241599
21.20319552699948,329.77672955974845,188.27044025157232,7.336819791712067
21.234540419998666,329.0320823244552,187.44108151735267,6.384139501681671
21.26791489399875,329.52229827836544,187.44783239991702,6.86178338762491
21.302938466998967,329.7027206370272,188.0117230701172,7.185414072595102
21.33539951700004,327.7694342694342,187.48494098494098,5.183601475518687
21.36670555300043,329.31632010081915,187.9575719386683,6.800793512693876
21.400015077999342,327.532687191182,187.2690992018244,4.892980841124542
21.430673594999462,330.2752252252252,187.75247747747744,7.665680584897228
21.46772975299973,328.34023969124513,187.8584196628072,5.845233546313683
21.498706188998767,327.82671408812485,187.66093657379963,5.295152833515292
21.53190640200046,326.4592009003939,187.63946726692927,4.026069099406881
21.562452496998958,327.43783371472153,188.1908848207475,5.147965667394989
21.595121246000417,328.7699692780338,187.33717357910905,6.104586184776013
21.630889141999432,327.5606914693724,186.94776399849678,4.837837837399186
21.664094362999094,329.25342058298634,187.45290501685503,6.60167899105156
21.69479210099962,327.41874773796593,187.44064422728917,4.83712480936474
21.726962398999603,327.99360730593605,187.4754337899543,5.394136997611115
21.75868388699928,328.8722449775697,188.0278915545153,6.403175182934751
21.79575396600012,328.46862081924087,187.64374295377678,5.8977697384468195
21.826504014999955,328.5694130925508,187.65951843491345,5.998643019091627
21.85924089800028,328.25004449190243,187.39615589962628,5.617239725596258
21.89089664600033,328.51148815835984,187.07458465889005,5.793567076626211
21.923143079999136,327.9981962481962,187.4992784992785,5.405682746133116
21.95884263500011,330.5260619551103,187.1710257837136,7.790664992299144
21.991434239000228,328.8617424242424,187.12809917355372,6.147306484957229
22.02296618499895,330.36304389495876,187.33831704044468,7.660441427621409
22.055236357999092,330.07186464329317,186.80115122972265,7.2865558268125135
22.086579982998956,330.4564102564102,187.6120879120879,7.808782535576029
22.123485492998952,329.84068891280947,187.53964836742014,7.192787159444433
22.155101729998933,331.01364985163207,187.6636993076162,8.363763387846282
22.187321086999873,329.5366648560565,187.52091254752852,6.892965493140179
22.218472784999904,329.8796396396396,188.08054054054054,7.374826085816081
22.251548250998894,330.1103423806989,187.4976051091006,7.445946500196333
22.287269813999956,329.1502609992543,188.4358687546607,6.8088943675198434
22.319233141999575,329.5518018018018,187.97916666666666,7.0316778662674935
22.350740890999077,330.4182653876898,188.4064748201439,7.987902223096583
22.38380945999961,330.67775831873905,187.63884024129206,8.030535593508153
22.419280572999924,330.2478681068789,187.59086602236118,7.600827326418448
22.45157856199876,329.3771790808241,187.61190350413804,6.761217999029115
22.48255579099896,328.9201981287837,187.12860025683358,6.204626337914684
22.515719085000455,329.1230019493177,186.93372319688106,6.367679676860003
22.546478086000207,330.4301007556675,187.96410579345087,7.869693460621299
22.583423815998685,328.6579609208744,187.6568001547688,6.082386225427776
22.614485390999107,329.0547675334909,187.0821513002364,6.327321895835801
22.647313323999697,327.86197916666663,186.06063988095235,5.019990465065037
22.678549860000203,328.1910739191074,187.4861526200438,5.585999650131994
22.7108022529992,329.1767451729259,187.86823679185233,6.640627392453297
22.746562300999358,328.2578616352201,187.39034286873604,5.623179951978921
22.77951811499952,329.341030575155,188.16164207825528,6.889656612534214
22.810644354000033,327.2603930461073,187.42044595616022,4.680948870206826
22.84317346199896,327.49397590361446,188.49979919678714,5.343544253450099
22.874997928000084,327.79243353783227,189.0770961145194,5.898629954463626
22.911423207999178,327.7362700228833,188.23893974065598,5.436672502871299
22.942570167999293,327.4186413902053,188.4083728278041,5.233084629828329
22.97541179899963,327.57847101867895,187.68746389370307,5.071822788725628
23.00656083799913,328.7503894080997,187.92932242990653,6.255389372731226
23.03945256299994,328.2273755656109,187.5167797888386,5.629662839907193
23.07463673500024,328.8936249766311,187.47934193307157,6.259832716577907
23.10730075900028,328.7221537196876,188.88368269625974,6.606854233608137
23.138610330999654,330.12888626524983,187.4500196772924,7.453768364871298
23.171695322998858,330.48665462572745,188.25205699377884,8.005347314117998
23.202466953998737,329.3493834409865,187.6005089058524,6.731422499165198
23.23947414199938,330.31708749266,187.2802896848698,7.604327281291911
23.270925892000378,331.01392203659503,186.8816626889419,8.231246894406912
23.303395724999064,330.0767133956386,187.31619937694703,7.375283574782948
23.334384690999286,329.839010989011,187.42655677655677,7.16564457975425
23.36722374800047,330.68391154392367,188.2663826333942,8.198019935832075
23.402866475998962,330.70932252460915,187.54275236440841,8.040710890274227
23.435011438999936,331.96725073007923,188.4557780559032,9.482521601039853
23.466514825999184,330.60861316638204,187.9724909884272,8.04406620105199
23.498504897999737,330.6971627099016,188.08743485813548,8.160121928528282
23.53045443799965,329.21213778020774,188.35866593767085,6.837681367476458
23.567249272999106,331.12132060461414,188.74920445505168,8.764067072097477
23.598719494999386,329.72256496541405,188.17180781454476,7.253690702724309
23.63107028899867,330.863998517695,188.10042616268296,8.324249444628984
23.662573018998955,329.42980968532123,188.26964386659128,7.009744982708225
23.695798941998873,330.0436099333737,188.9147991116495,7.8176871398972825
23.730531014000007,330.8969473468551,188.7842655193608,8.564413825863795
23.76272840599995,329.21498251426465,188.06129210381005,6.737562159021452
23.794364782999764,329.6890519187359,186.79778028592924,6.906642565970926
23.827358253998682,330.06224549156485,187.17510180337405,7.334564801909762
23.86277998500009,330.4263862332696,188.18504355215634,7.927964604922522
23.895206322000377,328.7188059701493,187.78407960199004,6.178917339788758
23.926432432999718,328.0907640135647,188.41093157789743,5.830686663255442
23.95862453599875,327.8384245917387,187.05878962536022,5.133591740818369
23.990246625999134,329.11939690301546,186.95578647106763,6.367872207346904
24.027253299000222,328.62602579132476,187.14067995310668,5.919528384474513
24.058279566999772,327.9753875968992,187.12383720930234,5.2820270923461505
24.091031529000247,328.15791567223545,187.4978122513922,5.557695786702875
24.122303887999806,326.9327337455499,187.56136406220722,4.425413059627224
24.15499607699894,326.77195027195023,187.89937839937838,4.422416284141474
24.190499037000336,326.610242085661,187.81973929236497,4.242201350948041
24.22286065299886,327.40877598152423,188.36451116243262,5.2032446111049255
24.254201210998872,327.4515186915888,187.61915887850466,4.928834160631461
24.28707453199968,328.2937313432836,187.80159203980097,5.7822470538130135
24.318304196998724,327.08096859629205,187.51891789632992,4.547041381664152
24.35509447000004,329.3968351829017,188.8335388409371,7.19268001701908
24.386252488999162,328.86692095783,188.98283534647172,6.780970361339342
24.41912387999946,328.018882034025,187.73396896616188,5.500702353407987
24.45032371599882,329.1977142857143,187.02514285714287,6.45715615407378
24.483033835998867,328.8434055492208,186.98460661345496,6.1013809252130535
24.51836222699967,329.3211267605634,186.74985915492957,6.535617093568011
24.550896274999104,329.7679494543366,187.14627608654027,7.03989848385492
24.582336118999592,329.0379746835443,187.48887610280013,6.401814445073372
24.61517665499923,329.7141775506341,187.19136854060193,6.995450259894105
24.64650350499869,330.60415507327025,187.19235763309217,7.8712342358838185
24.683833582999796,329.8202206547296,187.9475492855851,7.278996305422058
24.714431336000416,330.13179190751447,187.70886319845857,7.515926365742596
24.74726290199942,329.58661490109074,187.2296173044925,6.8777415678720635
24.778609869999855,330.5459183673469,187.541761148904,7.8807713114984335
24.81151813500037,331.6313517755542,187.51755934863644,8.939793942798579
24.84635820999938,331.010348583878,188.14978213507626,8.47848313724897
24.878990895998868,330.8837903376235,188.11714232419322,8.34781183332434
24.910180357999707,329.9661443219191,188.6301025343393,7.638777500843251
24.942617910999616,330.62014563106794,188.6134708737864,8.24622737576022
24.974939593999807,330.56378852827106,188.67381098183301,8.213564238610797
25.011188858999958,329.97488718854225,188.14655679811653,7.485590939881598
25.04224020899892,329.413387345679,188.89448302469134,7.233081912412566
25.074786031998883,330.44779000193006,187.75680370584828,7.834085468808626
25.10632194199934,329.7302452316076,187.38855585831064,7.051222046221969
25.1429792179988,329.0400547088706,187.45681906994918,6.395766638171035
25.174544034000064,329.8242941295957,188.3818809668901,7.418849330694491
25.206998745999954,330.4943351222421,187.45517789703834,7.812282757492195
25.238408227000036,329.632503949447,187.28890205371246,6.934662642012069
25.270938297999237,328.3756003842459,187.27627281460133,5.70729128368569
25.306327016998694,329.08057179987003,188.18691791206408,6.653461519140612
25.339139515999705,328.4856339160136,188.40024110910187,6.183898645232837
25.370266169000388,328.0130331753555,187.49802527646128,5.419448172108383
25.402875865998794,328.3437622983077,188.0220385674931,5.906348767207503
25.43422808499963,328.2383665716999,187.32782526115858,5.5877148560268335
25.47114466399944,327.47030089878854,188.2858538491598,5.220325586787731
25.502237941000203,327.535657051282,188.92808493589743,5.602143589471082
25.53480847100036,328.4276276276276,188.3251251251251,6.100350177910356
25.566079942000215,328.26693688477127,188.36614553175062,5.970747301361001
25.599237637999977,329.4600389863548,189.0036820446177,7.321628107668955
25.634418314999493,327.6635014836795,188.15746785361029,5.335784149620762
25.66657241699977,327.0612644353102,188.39224897240163,4.915554441120158
25.698378379998758,327.4072354420584,187.93751209131358,5.010632920343893
25.730960932000016,329.3117505995204,188.61670663469224,7.027536188580375
25.76220298000044,329.5931401537552,187.42795190222745,6.9262145269746656
25.79917073099932,329.4689199689199,187.42560217560217,6.804721424052506
25.830736767000417,329.5262550490479,187.14502788997882,6.802155595618098
25.862901933998728,329.4137999209173,187.74713325425066,6.832631113180731
25.89429412299978,329.45458231954575,187.6411192214112,6.843547972505526
25.927117141000053,330.42775138558983,187.31809184481392,7.72011352097781
25.96257044199956,331.0315425315425,187.08892958892957,8.276863894651521
25.995330501000353,331.01834673263244,187.7435580292723,8.38588908214941
26.026461247998668,330.51295746785354,187.71810089020772,7.888150030822848
26.059337912000046,329.99227569815804,188.174688057041,7.510760586050308
26.09070854699894,330.4502214519545,187.59310610437126,7.79851987489988
26.12711618299909,329.65742835595773,187.96266968325793,7.127607073671645
26.15804412199941,329.95587162654994,188.12089715536106,7.459679486752725
26.19149002099948,330.35591274397245,188.4142747799464,7.93132242281458
26.222278627999913,330.4912891986063,188.93070073557877,8.237627686112697
26.254744378000396,328.98316132536667,188.34745609270323,6.620804182783728
26.290367661000346,330.2350557244174,188.13576494427556,7.730595648718032
26.323483629999828,331.57324973876695,189.1531870428422,9.32670660540215
26.35405035199983,331.0125531093086,188.02433371958284,8.447655057379196
26.38644377499986,331.89913366336634,189.2654702970297,9.67125559415871
26.418959880998955,330.4781297134238,187.50301659125188,7.806322830122067
26.455502593000347,330.881408276714,188.51616224006585,8.461981491442739
26.48627110399866,329.7931105610561,187.44162541254124,7.124178157699707
26.51882474299964,330.4831730769231,187.47736378205127,7.805910867115048
26.55061967399888,331.2890103217972,187.06597854685285,8.528315335061315
26.58744729299906,330.3606870229008,188.2497879558948,7.884518536283829
26.618080100999578,330.4571553802323,188.11549419241723,7.9373812443605125
26.650771487000384,330.2435582822086,188.07075664621675,7.719888047534508
26.6824120199999,330.16085790884716,188.00134048257374,7.620915220610214
26.71510624399889,329.5096078431372,187.63274509803918,6.894546993715904
26.750384637000025,328.97810077519375,187.10872093023255,6.257339038893152
26.782756172999143,329.7559748427673,188.80419287211737,7.509702265968425
26.81410590700034,329.66114790286974,188.5110375275938,7.311364925452573
26.847200657999565,328.8618953819216,188.96257386736704,6.767206547513982
26.878143975000057,329.39397767951147,188.71446620341123,7.1417203300880665
26.91540986899963,329.8841826604897,188.88682991396425,7.6600734866004805
26.94657448900034,329.6684061752555,189.21526418786692,7.601280109990452
26.978912866999963,329.2898828541001,187.66112886048987,6.689984413630496
27.00977412300017,327.99669389342665,186.77537922987165,5.230883792295596
27.042807656998775,328.390953785644,187.8985250737463,5.9066242520535726
27.07812267599911,329.58923450253695,189.03264945951906,7.4508203251151075
27.110507391000283,330.48774820447824,187.11956062526403,7.744385782127305
27.141692729999704,330.28577494692144,187.74246284501058,7.673447579035374
27.174890377998963,330.69107916951856,187.8991558293406,8.104950888586352
27.205747791998874,329.6439073514602,186.91520644511579,6.878881730877568
27.242789112999162,331.4074074074074,187.72307364836098,8.761113422913583
27.274209260000134,331.0209805180903,188.00899165061014,8.451895482061103
27.30746619599995,330.51511335012594,187.06234256926953,7.7623498651550555
27.3379191490003,332.272509265315,188.09614126880314,9.687372370495146
27.370862724999824,331.71194727891157,188.20238095238093,9.169327483960561
27.406338065000455,330.9253333333333,189.20635897435895,8.743605088650199
27.439045474999148,332.7739307535642,188.81421136003618,10.357201158082397
27.47013435699955,332.1466755025403,188.77424342831895,9.745559861786209
27.502955043999464,331.9178628389154,187.5968899521531,9.236068938780768
27.534235350000017,332.7984147386461,188.731148243359,10.357371080969674
27.571156776999487,331.3985549697324,188.01425502831478,8.818908723255745
27.60219212300035,331.01826484018267,187.90182648401827,8.422698615652472
27.63479443399956,331.0232468780019,187.95792507204612,8.44127435794839
27.66600032899987,331.5058053620435,189.139539793118,9.258789404802899
27.698603038999863,331.0093815814665,187.49339460080412,8.32458887480972
27.73439515999962,332.5776679027606,188.55583024309846,10.097287674845363
27.766701804999684,331.5453544693967,188.94495816820782,9.22901974508551
27.798207493999143,332.01314965560425,188.4381131287831,9.52188985247215
27.831210595999437,332.29730902777777,187.91297743055554,9.671046735488789
27.86637420599982,330.8819266837169,187.78623188405794,8.26282113735326
27.898806703000446,328.55261136712744,186.37941628264207,5.730006992996059
27.930189414999404,329.88345377061324,186.0833796553641,7.041029304323714
27.963079416000255,331.3039599651871,187.82114882506528,8.681634563028085
27.99383309499899,329.55307599517494,186.10776035383995,6.711661996384134
28.031129012999372,330.2145804676754,187.94497936726273,7.656985546728668
28.062553550000302,328.81390353446585,187.3411443077524,6.148183692466775
28.095193715000278,328.443469785575,187.27290448343078,5.7722506956211985
28.12612211799933,328.29665071770336,187.39453748006378,5.661654822864959
28.159133656999984,328.15875613747954,186.54609929078015,5.356537144357496
28.194385312999657,329.47057573826214,188.61291693222856,7.172484579089028
28.226568604999557,328.7922861452273,188.62702003878474,6.5570866379819
28.258235686998887,328.5325150732127,188.93798449612405,6.464414357890683
28.29022289599925,328.7750245821042,187.85624385447395,6.254987983558327
28.322186122999483,327.929270544783,186.794459833795,5.1679073973707075
28.358686739000404,328.1036231884058,186.8233695652174,5.344616601910638
28.390394930000184,327.9662201514269,187.00524170064065,5.246050444544742
28.422912525000356,328.7743914126893,187.0573126317807,6.047482242117257
28.454407250999793,328.5220394068657,187.0223440991265,5.793213025816495
28.486740165999436,329.30946398659967,187.4145728643216,6.647040999995826
28.522137134999866,330.3143265890047,186.56999795626402,7.501789772533383
28.554930500999035,330.93030690537086,187.67114236999146,8.284013242119206
28.585960848999093,328.87453183520597,186.4434456928839,6.056483027547318
28.618288429999666,329.66426282051276,186.43870192307693,6.842606306069184
28.650239315998988,330.4819209039548,186.5632768361582,7.6680401126738635
28.686783914999978,332.4069958847736,187.68930041152262,9.733853889080612
28.718069262000427,331.3990178023327,188.44321669736036,8.933643332040454
28.750524916998984,332.2861278111779,188.65531062124248,9.844352865983971
28.782111668999278,332.25840886203423,189.00765357502516,9.923707514265999
28.81486385899916,331.80813830908704,189.26143790849673,9.584697901494158
28.850276343999212,329.658438576349,187.54994259471871,7.018146971743348
28.882896414999777,332.67470127729706,188.76060980634526,10.246839889013478
28.91417674799959,332.0862646566164,189.08668341708542,9.786323506660109
28.946736181000233,330.5852108607741,187.71442326208356,7.957540798707866
28.978159169999344,330.98226749669874,187.78287115638557,8.359668926756429
29.01519833800012,331.54777070063693,187.26018143215595,8.81324402634963
29.04614178799966,332.6346314907872,188.1794388609715,10.058944023367802
29.078727833999437,330.3753987240829,187.5281100478469,7.711289256081656
29.11001721499997,331.8072719630096,188.59478772593525,9.368312836695756
29.147176414999194,330.40895238095237,186.6697142857143,7.605918949945424
29.17766964600014,331.7178526841448,187.931543903454,9.10977129174441
29.21046366399969,331.3891364311479,187.63144493952896,8.724234080316743
29.242002101000253,330.3745934959349,186.91686991869918,7.602033386474179
29.274398513998676,329.64779510880027,186.71769689967263,6.855332260840649
29.310561553998923,328.83059146102624,187.49099099099098,6.202001927817998
29.342768043999968,329.8482180293501,187.25744234800837,7.139702885958653
29.374071277999974,329.60606060606057,186.96694214876032,6.849623512923565
29.40640644799896,330.5039882451721,188.04827875734674,7.96360198575155
29.437912596999013,328.54854166666667,188.6939583333333,6.366347630246253
29.47481093100032,328.98917748917745,188.8021645021645,6.809871430911993
29.506098129999373,328.2640920616344,187.4618685391067,5.648992538087038
29.538793227999122,327.23596792668957,186.8394425353188,4.497219632638443
29.57008743699953,329.5839929639402,188.4074318381706,7.202259566175699
29.60257497099883,328.9519022274788,187.47742952887836,6.315664814893119
29.638216475999798,329.9051490514905,188.27348690153565,7.459236569469798
29.670851209999455,327.3546910755149,187.04805491990848,4.661766776049786
29.70193302699954,329.3685233160622,188.03238341968913,6.873714154338517
29.734589659999983,329.006293138449,186.54730004060087,6.198243355782632
29.766003589998945,330.4682119205298,187.62428256070638,7.8230202764399115
29.802770017999137,329.81599479843953,187.88209796272213,7.2564714648029565
29.83415356399928,329.06286186931345,186.7253928866832,6.276428922339673
29.866605336999783,330.02134540750325,187.8924105217766,7.456737094898327
29.897923145999812,330.7564870259481,187.4275892659126,8.063719403832499
29.930585227999472,330.190110323089,186.66942474389282,7.38831360241191
29.966217106999466,330.7534562211982,186.98041474654377,7.98605282590369
29.99854894999953,330.85907692307694,188.36123076923076,8.393383188524947
30.029923029998827,330.6699854801908,188.2588674548849,8.182503480195203
30.062760405999143,330.8058191018343,188.43411343031835,8.364659650833113
30.094027400000414,330.452712240371,187.59588626739261,7.801565440678436
30.131048604998796,330.3695450324976,187.58941504178273,7.719046676235342
30.16204146400014,333.0267857142857,188.98469387755102,10.648536290220067
30.19491436499993,332.7246376811594,189.00510308226168,10.36620103099577
30.22602588999871,331.66566506410254,187.9072516025641,9.053439657373207
30.25877680099984,330.3409363745498,187.76010404161664,7.731250133315544
30.294143215000076,331.7468112244898,189.04719387755102,9.453094479106339
30.326616214999376,333.48971193415633,188.3827160493827,10.937854318854168
30.357865265999862,333.057486057486,188.4341484341484,10.530152926813832
30.390545047999694,331.38242574257424,187.99463696369637,8.79849557156207
30.4219919520001,330.16329766151404,187.07609988109394,7.4171881752231315
30.45891221599959,332.06388888888887,187.91517094017092,9.443532281792447
30.48990748199867,332.04796019900493,187.8559203980099,9.415270394281546
30.522869001999425,330.6768524066307,186.83103654883163,7.890508641139243
30.553834925000046,331.57813798836236,188.1176226101413,9.01845318457043
30.590738232998774,330.91834247410117,187.97501523461304,8.34399764611849
30.621977259999767,329.5207009435778,186.80435201232427,6.740790181604058
30.65464464700017,329.7082352941176,186.96843137254902,6.950720456677975
30.685994645999017,331.5458248472505,187.98596967639736,8.95506002751503
30.71916193600009,329.9271657537025,187.20490971799552,7.207188834466764
30.754129651999392,330.60017327268787,188.2425817630496,8.110983397307074
30.786865201998808,329.3955254515599,187.47803776683085,6.745662413019788
30.81795546399917,329.1759675005345,188.76587556125722,6.963642911419093
30.850681322999662,329.140856342537,187.47939175670265,6.499014544761697
30.88192303299911,329.41160509288244,188.81945314130658,7.20034139937681
30.918707373999496,328.93648867313914,187.7799352750809,6.384934501623267
30.94988347599974,329.7450468103636,188.30894839973874,7.319670855548429
30.982316118999734,329.0063628899835,188.47146962233165,6.689675980388562
31.01408320599876,327.962919364332,186.74828330390426,5.192945832210454
31.046481395000228,328.78747628083494,188.17668142525827,6.375912510708208
31.0820676179992,329.30676476599217,186.96791334559572,6.554575286023258
31.114482680999572,330.6115061409179,187.5272570566688,7.941816888695368
31.146258951999698,329.86345933562427,187.60687285223366,7.230842886282505
31.178594737999447,329.6684373616644,187.77202301903495,7.084416044903283
31.209819898000205,329.73324984345646,188.15341264871634,7.257997212911275
31.246862812999098,329.16452074391987,187.1827099938688,6.454849729539944
31.27787035700021,330.7850331674958,187.74067164179104,8.158015601541415
31.310601719998886,332.9933887822563,187.2040946896993,10.235668286664124
31.34221339099895,330.3494496855346,186.9245283018868,7.578200913755098
31.374391534998722,330.27115716753025,187.00748416810592,7.51286712728927
31.410369208999327,329.99682539682533,187.65826330532212,7.372685462595872
31.442779146998873,331.22669104204755,187.42697542149094,8.525372191986264
31.473850970998683,331.64188790560473,186.77050147492625,8.842645380705992
31.506524226999318,331.9397006114273,188.6953405017921,9.524476070448348
31.537757512998724,332.5839521452145,188.74071782178217,10.154171229803403
31.574771638999664,331.1827321111768,188.12674945791443,8.638545593382364
31.60551778399895,331.49809402795427,188.67323168149088,9.096930063905917
31.638064587999907,332.49082663368375,188.13811585240157,9.90949124258579
31.669857659999252,333.32991672005124,187.93572496263076,10.686836258769286
31.702769759000148,333.13273986152325,187.07853610286844,10.358362071350886
31.73786688600012,330.98512790005947,187.40650406504065,8.284186005515396
31.77000734399917,331.65695238095236,187.1318095238095,8.901873091222539
31.801547066999774,330.3000966183575,186.87516908212558,7.5225420165109975
31.835094850999667,331.65895610913407,186.42210359826015,8.83077258086892
31.86549845099944,331.75800644305474,186.52643547470154,8.936756467603201
31.902297812999677,331.3337142857143,186.616,8.52112889891965
31.933603457999197,331.32514177693764,187.8361688720857,8.705662955477196
31.96680062499945,329.8334274421231,186.56747600225862,7.022918820942444
31.99757592399874,330.068564787914,186.6658919233004,7.267114084388024
32.03439920299934,329.34447702834797,187.55366568914957,6.714740884806692
32.06580052899881,329.6950724637681,187.18202898550726,6.974922159577501
32.098007698999936,328.94137861330097,187.52840105114208,6.318727045286268
32.12976047600023,329.4724724724725,187.1117117117117,6.743098289798892
32.16212408699903,330.24475823705603,188.33397518185706,7.800354033676253
32.197502154000176,328.64101022248946,187.45600320705552,6.009903580638383
32.230807334999554,330.0147512109203,188.57970057243503,7.666104851966237
32.26145816999997,329.4124087591241,187.48864557988645,6.764596513126498
32.293960371998764,328.0774046670461,186.83020299753366,5.320063212137242
32.32573756599959,327.9440777411074,186.66446644664467,5.160714415703386
32.36295192599937,327.5031020868584,186.65632637713853,4.724200938582795
32.39340388399978,329.8105963105963,187.86465036465034,7.24644927115871
32.42626188599934,328.0508602760446,186.88655700510495,5.304539086508145
32.457452376998845,328.90590935169246,186.35475234270413,6.079913681603343
32.4897270649999,330.24540517961566,187.53049289891393,7.584934518337542
32.52555628600021,330.6023732470334,187.2761596548004,7.8840582454182
32.55823006100036,328.3118159896123,186.0313485438694,5.46853416007639
32.58960516099978,329.3296138859369,185.9357066950053,6.484163869225839
32.62271791799867,328.95105672969964,186.14238042269187,6.111559742896261
32.653583649998836,328.9138395261174,185.8436546401005,6.068024544283828
32.69048460100021,329.40508993494063,185.9045158821278,6.559367673531157
32.72142373299903,328.6303245436105,187.1135902636917,5.917945956567762
32.75447469400024,329.9662379421222,186.7234726688103,7.172094915614751
32.785605787999884,329.449047369341,186.70162558993184,6.656136307836828
32.818453730998954,328.9167575427117,187.21992002908033,6.220525624527142
32.85352182399947,330.21354451119606,187.08519934462043,7.468246626193259
32.886254744000325,330.02705627705626,187.02326839826839,7.274205221234487
32.917544616999294,329.1687287071902,187.05827505827506,6.434713104737909
32.94981880699925,330.54501347708896,186.91392632524708,7.770447922426657
32.98191093999958,330.42834809796767,186.98367205141565,7.6647481884842685
33.018709885000135,330.3971193415638,187.14534231200898,7.659241881264266
33.04972775799979,330.34485863497207,186.58094723572842,7.533221220482771
33.082392911999705,329.4331506394286,186.16060455073907,6.593984344729502
33.11363443799928,330.2749568221071,186.12607944732295,7.433735911762164
33.14632052699926,329.86578947368423,186.37456140350875,7.038496023853391
33.18229084700033,329.3693083072645,185.9742787625999,6.524394888581187
33.21448688700002,329.97459043798057,185.46339017051153,7.1399794950532325
33.24555943300038,330.06870937790154,185.8607242339833,7.222861547238012
33.27837183199881,330.04572672836144,186.6060606060606,7.238035990972049
33.314081217999046,329.7530660809079,186.62456525718468,6.948984484974171
33.34661289399992,329.40724558529035,186.6395412342982,6.607092583164041
33.377616276999106,328.2747551686616,186.6050054406964,5.479268276539067
33.410411191000094,329.2504655493482,186.09329608938546,6.4087267112211626
33.441814255998906,327.6203654426113,186.8360830228845,4.872504894736111
33.47876704000009,327.1041884816754,187.2089005235602,4.465724598243867
33.50977328800036,328.0535549399815,186.50489381348106,5.247016269400447
33.54245140899911,329.2670126874279,187.44117647058823,6.612064527154552
33.574006234999615,329.0045897877223,187.21380761139795,6.304962805180226
33.60601295000015,326.9148865706243,186.02185792349727,4.072105877173099
33.64197763700031,327.02332979851536,186.32555673382822,4.2029215055300195
33.67421672599994,326.99762296580724,186.2358749314317,4.16841154185284
33.70558793499913,329.2841376730265,187.5196408529742,6.647804467848261
33.7379450389999,325.89441195581543,185.8817413905133,3.0486161264975555
33.76955372500015,326.24593395761457,185.35797601445702,3.4375079815743566
33.806159871999625,325.1010101010101,185.8035914702581,2.2559657718346995
33.83750159199917,323.8700915264246,185.762621789194,1.0292304076385612
33.87015879699902,325.75851342501636,185.5612311722331,2.9283405009824564
33.90134407199912,326.368684569868,185.33803671673493,3.5618568157887402
33.93444233799892,325.63111942625505,185.4738072965388,2.812444751875783
33.96989406799912,325.15654707145046,185.51165286721863,2.3373812005009555
34.002329028999156,325.63471419396274,185.86721258831085,2.7888677603886025
34.03356347999943,324.830050731125,185.78155774395702,1.9859068183083355
34.066445553999074,325.374671340929,185.9047619047619,2.529154221879234
34.09760759100027,326.25509696668325,185.74772086855626,3.4112247904935638
34.134586363999915,327.54510968167574,185.8870196272472,4.699318444252617
34.16563375599981,325.20994391390025,186.49052599666513,2.44575249915944
34.19807140099874,327.79340364975724,185.7346392097773,4.949241371662012
34.22946823500024,326.31644747523944,186.09384640363695,3.478213420125572
34.26197831100035,326.89833080424887,186.03759905580844,4.0562065281210895
34.297495091999735,328.6219630709427,185.31000971817298,5.8026035044251065
34.330245470999216,327.51276981380784,185.68775745592353,4.67024124153201
34.361890619000405,326.0315725561627,185.5050091074681,3.205867176067172
34.39427388900003,326.00305390135895,185.48831882730187,3.179457260160079
34.42570028999944,325.651298601506,185.80805286614412,2.8060043613599115
34.462471049999294,328.12438057482655,185.45787908820614,5.294118473640082
34.49379492600019,324.85392916856665,186.00319197446422,2.0129113330321005
34.52618566300043,326.8766455387616,185.35868681943765,4.062325216951903
34.55769594599951,323.2234118486795,185.21241970021413,0.7529135378683277
34.59049921000042,323.97018150388936,185.1237395563238,1.3460484605707739
34.62577272999988,325.671201814059,185.15767195767194,2.912261834549878
34.658357251999405,324.7248282916849,186.1930439865556,1.9076038157839845
34.68986331300039,327.05970850963797,186.01990283654598,4.216749638134771
34.722405766999145,323.48231653404065,186.36265841438254,0.8086590889813453
34.75812978399881,326.1201923076923,185.8532051282051,3.2743610244587757
34.79050307599937,325.3143408981168,186.3914373088685,2.5242489692829198
34.82140606599933,322.5986482599942,186.21656600517687,0.43073939099814373
34.854319674999715,323.43452112464286,185.9061795218764,0.5901945787181018
34.885835211000085,326.8606701940035,186.11367644700977,4.022588795187191
34.92244524399939,327.2890442890442,187.96360050206204,4.914372739080297
34.95369920399935,321.17567753473656,186.15105241436237,1.6946894865551674
34.98629852599879,323.659155775875,186.36683190626408,0.9562886016826612
35.01739322100002,322.07449856733524,185.68617819620684,0.7915415115037526
35.05033074600033,321.8309075342466,186.40239726027397,1.1489859305437455
35.08574465699894,321.5700371057514,187.83178726035868,2.3453321112796304
35.118364893000034,322.8583622685185,185.8153935185185,0.05001893642658422
35.14973924900005,322.214846538187,186.2997858672377,0.766960317130579
35.1823340739993,322.78797057550844,185.91172652531372,0.07513132000197098
35.21369222700014,327.2001050420168,186.3639705882353,4.38288704829981
35.25064175700027,326.3485127261576,185.72615762036185,3.5053684751230887
35.28161463200013,324.9483568075117,186.74526730274118,2.279799850951114
35.31427679999979,326.9095816464237,187.93151147098513,4.559524937844934
35.34552314499888,324.1553297997644,186.6523851590106,1.52858543836293
35.37812015599957,323.92514251425143,187.05220522052204,1.6053444207806846
35.41410308599916,327.1733644859813,186.3702492211838,4.357047552589816
35.445941460999165,328.70984958757884,186.74332848131974,5.929590272452578
35.477603613999236,328.87696202531646,186.70632911392406,6.089675604933183
35.51031969599899,328.7473504273504,186.90017094017094,5.9918064536061895
35.54139771900009,324.77474703035637,186.78295937820792,2.136694509855503
35.57837562500026,328.85582873390194,186.48486368958018,6.0419827448458685
35.609443227000156,330.20669185105237,188.21298794747256,7.726616106227591
35.64220109099915,329.43777777777774,187.9974358974359,6.928624736736883
35.67353208500026,327.0648913376186,186.47122742577287,4.262541975196672
35.706309674000295,326.3848093754636,186.07061266874348,3.544997401039923
35.74119553699893,329.07826932425866,186.36201588073243,6.252300914552661
35.77436332599973,327.100987432675,186.58812088569718,4.316342957903312
35.80557253199913,328.8014428594851,186.2220036071487,5.966355540462605
35.838528115999,330.5529390288426,187.73676524278932,7.931403507521698
35.869561018998866,330.7253533726963,186.37376990517086,7.895989119726575
35.90641074799896,326.7567229518449,185.7983114446529,3.911423094762266
35.9374680359997,329.0383391930353,186.51264021429765,6.226387906953378
35.970335854999576,328.52875816993463,186.6517973856209,5.737278787177787
36.00140856500002,329.4828773016692,186.5143692996042,6.668835236961872
36.03823953599931,328.2334780511336,186.29779707348447,5.405079718591015
36.06943347299966,327.66404715127703,187.2152914210871,5.004149118556118
36.10214355700009,327.7556041552761,188.01530891197376,5.360466154393548
36.13336489100038,326.11023743447424,186.8214616096207,3.4019566625299134
36.16616271699968,326.4346499678869,186.91875401412972,3.74063871108004
36.20171652099998,325.2603305785124,187.29308233853686,2.8057992424691323
36.2341532520004,326.1054197994987,186.74608395989972,3.376861203853807
36.26556943399919,323.2285415733691,186.6505448574414,0.8748640721952458
36.2980669009994,323.8782647189022,186.4620038365058,1.1931910977709839
36.32948392099934,324.03206013192204,186.22380733241295,1.239632051784984
36.36639565299993,324.8085261166885,185.6637567292303,1.9728480640803194
36.39726046800024,322.5839089800894,185.578084789381,0.3876312096298385
36.43037327899947,322.7524739053816,185.20279246306086,0.667591650803312
36.46141168899885,323.24314692982455,184.94956140350877,0.9968541208837767
36.494144451000466,322.2761144377911,185.4537591483699,0.7019603142086258
36.52961428100025,325.1222126929674,184.85034305317325,2.4917811208147413
36.562169191000066,321.2512020792722,185.55425601039636,1.6244162568197833
36.593206101999385,322.0811387007775,185.169174818159,1.0331096327309859
36.6261469330002,322.52559253656074,185.4034291477559,0.5608255368662212
36.65740210699914,323.0510556621881,185.5321817018554,0.3899937733111962
36.694292563999625,323.23605416821965,185.56876630637348,0.489201612901028
36.72575202199914,322.90647212869436,185.28931288190546,0.5776986533526528
36.75828065099995,321.55270197966826,185.45361155698234,1.3566504199418274
36.78943491899918,322.4063842848373,185.99619398403928,0.45896751977967626
36.82202636599868,321.059245400686,185.51158923188856,1.8209937961556286
36.85761418099901,321.28316645807257,185.51846057571964,1.6003904306982335
36.88999656699889,320.57257318952236,185.53662044170517,2.2967022771134697
36.921485064998706,323.65875623706944,185.47109650724107,0.9028023932141003
36.953923450999355,320.5543716703228,185.1865663846234,2.3894645737935463
36.98562038199998,322.15049672373704,185.05527372648487,1.066425848284137
37.022373761999916,322.43491124260356,184.88790269559502,1.0589086571858728
37.0536105150004,321.5711362412493,185.00010770059234,1.5397705651494629
37.08612223799901,321.7313949463482,185.210914964809,1.2916245820871304
37.11729378400014,320.9685757185757,185.31134706134705,1.956880534204194
37.150156742000036,321.74640480789867,184.99935608499678,1.3985983739109724
37.18544009699872,322.81304401127863,185.47468432021574,0.39051775956793583
37.218000931999995,320.4263492063492,185.21449735449735,2.505114579497526
37.249267543000315,320.43915181315305,184.88711329645562,2.59733487238955
37.28204738800014,318.69631151550726,184.7509049995108,4.296189121936373
37.31329608099986,318.8338365539452,185.08283011272138,4.087320374798448
37.350206682000135,318.80009995002496,185.31894052973513,4.082275945882927
37.38140209999983,318.43041109460125,185.13412580485385,4.4753260994550965
37.414235242998984,317.64733588460405,185.31527818663525,5.227373476849917
37.44519460399897,318.0533493782591,185.2790814279984,4.8280398815403345
37.48217287999978,316.3980498996272,184.9595640952108,6.510897690842937
37.51332462800019,316.63062807415815,184.96083995459705,6.280473000520823
37.54601368799922,316.120286905108,184.82998933798584,6.804556435145021
37.57722441599981,315.91132572431957,184.73495268754266,7.025806114050468
37.609881017999214,315.67029712429536,184.40164325976878,7.323011920391612
37.64526839300015,316.7901609474643,184.83631946553294,6.142240042596817
37.677859119999994,316.9943449575872,184.41061891297517,6.029253047303875
37.70912604399928,315.0419367511294,184.1560597132194,7.988584973902357
37.742111134999504,315.30297807143535,184.2095183376424,7.722150879468999
37.773207238000396,315.65100286532953,183.9522445081184,7.444456421806682
37.809902929999225,315.8682686740012,184.3411503570739,7.141788887380025
37.84135481699923,315.4248866213152,184.0599962207105,7.637045363712454
37.87448121399939,316.5702860658259,184.51297036809186,6.41930552478155
37.90525677699952,315.32022307014967,184.49300459837588,7.649456050103609
37.938586094998755,315.7989402697495,184.6339113680154,7.153432408990607
37.97343781800009,316.37066047771003,184.76946136737257,6.567014895462571
38.00578443199993,315.8092491106624,184.6802230554754,7.1354493135971575
38.03739840399976,316.8458381061473,184.5651966399389,6.138937367215242
38.07000292900011,317.6760772659733,185.03605745418523,5.235621108220686
38.10124204800013,317.28295574036895,184.74801644202273,5.673693454758908
38.13818864899986,316.80937529534066,185.01701162461015,6.0955800527679305
38.169540077999045,317.0823361823362,184.4486229819563,5.934716665625287
38.20201081899904,318.2589928057554,184.4426858513189,4.801965485865688
38.23355319999973,318.20982101021457,184.19895042638927,4.925905760806547
38.2654374699996,318.21221131925853,184.52433343245116,4.823362166614807
38.301156311999875,317.045947730918,184.47664874044722,5.96348035950296
38.334332790998815,317.7266319042101,184.2537659327926,5.36643815129359
38.36515041799976,316.68261156712896,183.89027266723272,6.471505670911902
38.398117687000195,317.92831233295146,184.0332187857961,5.247215388955355
38.42910029700033,317.35160317895316,183.9268292682927,5.825690662944248
38.46662851600013,318.1736862075507,183.93027888446215,5.056450206038794
38.49714971299909,316.60022026431716,184.08773861967694,6.4932536909673635
38.5293696509998,317.1361539826148,183.9072201525634,6.035635962464577
38.56116623199887,316.86619160728424,183.72191431336321,6.351697743111371
38.59374001699871,317.2481705085986,184.21999634101718,5.834051852044686
38.62921254200046,316.65190618491346,184.14461649913972,6.42810922759797
38.66154499500044,318.05572640014907,184.51672723884073,4.975935436430402
38.69392135599992,317.12630832002833,184.31080361894624,5.926635243977157
38.72539403900009,316.70289088665606,184.32725189494093,6.332217248479573
38.76111294299881,317.1912873746783,184.3722828497915,5.847969727479267
38.793699081999875,316.4784365393061,184.39270970575316,6.535143903297884
38.825074299000335,316.4035794183445,184.44859060402683,6.595885855769919
38.85789946299883,316.3961535004943,184.57652556843712,6.576906349911178
38.889027229999556,314.93091673233516,184.0372121530514,8.122970370901339
38.925826032998884,315.42184557438793,184.19756075688278,7.608695371900406
38.95715616199959,314.42282430213464,183.52499543878852,8.74170723307293
38.98943480100024,314.4593876054272,183.60478547854785,8.685388385073214
39.021039612000095,314.57599333148096,183.42057979068258,8.623220743503422
39.054641548998916,314.8205637533106,183.63441165342414,8.329193528301817
39.08907318599995,312.95598845598846,183.42685786435786,10.185682346501107
39.12192663799942,314.0020776874435,183.38446251129176,9.184743035557457
39.15311870299956,314.6645569620253,183.55375160521004,8.501173771844758
39.18588000899945,314.6758595330023,183.62355212355212,8.471571749541214
39.21711134799989,314.88658131816027,183.8632527264106,8.206839260687348
39.25407800299945,315.2634287853266,184.2310499719259,7.756225404715898
39.29656672099918,314.839582167506,184.22710315239692,8.171850981920505
39.31723314999908,314.9316239316239,184.48015194681858,8.034269893983247
39.34884056400006,315.19745222929936,184.16662051140034,7.834440483219999
39.38175434199911,315.88091941290503,184.33979507061755,7.129719112342955
39.417203707000226,315.7224420576597,184.50301488599962,7.252221366979078
39.45004075900033,316.59696031522657,184.72792944929165,6.351287659846321
39.481121554999845,316.1302964175304,184.28987088561556,6.897532980540208
39.51406932499958,316.364417989418,184.4803476946334,6.627438572064392
39.54510422899875,316.661525750482,184.30505829431743,6.377741881447328
39.58209019399874,316.8132956152758,184.16209335219236,6.267980056697854
39.613017260999186,318.03719477569564,184.22875260268785,5.079035529064333
39.64514038699963,317.71485260770976,184.099111866969,5.425985622824999
39.67710005899971,317.717859220477,184.23521427186347,5.380393713607499
39.709926260999055,317.7120404153803,183.8350640845729,5.520130732856558
39.745208577000085,318.2715942862621,183.97008915731953,4.950760035282829
39.77768323099917,317.36701638137305,183.9353027793116,5.808337712445364
39.80911783999909,319.0659382787042,183.87885758098523,4.269403264508934
39.84171395500016,317.8869688385269,184.15514636449478,5.245003262736597
39.873096455999985,318.5814365947384,184.54872401221792,4.4625879345083685
39.91003020899916,318.18703919285986,184.43218859138534,4.873815526543365
39.941025553000145,317.5956578030076,184.609799820735,5.397876754050578
39.97385264699915,318.8259203227433,185.0437720625315,4.102719110337263
40.00506168500033,317.5000959508731,184.64881980426023,5.482089030378686
40.037468578999324,317.4443791617704,184.85732471602034,5.494443316457772
40.07346203399902,317.9144769215628,184.87205983663023,5.030111073026933
40.10585526399882,316.86075222509334,184.85673270169394,6.069234369484329
40.13703821600029,316.9476369236692,184.824525940899,5.989076359788676
40.169629381998675,318.38926038500506,184.8593718338399,4.568380165524003
40.20547857299971,316.2546827217125,184.4991399082569,6.730960031359607
40.237779494998904,315.9422170945101,184.32121911354676,7.073877974132347
40.26900778199888,316.4892489554672,184.92346886782838,6.425777879858612
40.30201693500021,314.978415138971,184.51576976148235,7.982089446791838
40.33298522299992,315.56183265385357,184.25674626286158,7.459194231834838
40.36981634199947,316.9237452724113,184.51497495655727,6.0737710207950455
40.40095596900028,315.6888688868887,184.15571557155715,7.357987770636081
40.43384286099899,315.8795461157987,184.4405974202308,7.110199469911463
40.46512131899908,315.21774966455814,184.37435307648073,7.772155999132773
40.498215114999766,317.910649627263,185.03205537806176,5.004800022088
40.53328719599995,315.5780100658149,184.07830042586139,7.48395363735752
40.565717465999114,317.2789053822074,184.88771079470865,5.651871224198571
40.59718368100039,317.590073322053,184.93265651438242,5.337625078257119
40.6296876389988,317.35755660874145,185.21548183254345,5.526453886035112
40.66108665899992,316.3467914960015,184.82582406865612,6.581426987119177
40.69793827399917,315.39529298751194,184.81834774255523,7.5235492551814085
40.72898593699938,317.5071618579906,185.43707796193985,5.355715201461079
40.761610617999395,317.96599860404825,185.07687705653603,4.942895609141484
40.793107109999255,319.2386231654524,185.14634146341464,3.6778869783825376
40.82571634600026,317.7403147699758,185.02037933817593,5.1747337922144805
40.86121953499969,317.47209374036385,185.18933086648164,5.415918961289429
40.8935013600003,319.68781407035175,185.36557788944722,3.197096875508832
40.925030701999276,321.11669658886893,185.31226810293236,1.8149869989721332
40.95769872799974,320.8191624365482,185.03669627749576,2.1889707687539333
40.98896300399974,317.729662556161,184.37357805181148,5.328807091645394
41.02648349099945,320.41484869809995,184.9797091250293,2.586777000947571
41.05695711199951,320.80098626276856,184.85781378419628,2.278928190487987
41.08973317699929,320.95904761904757,184.93511904761905,2.1029755982689915
41.12114575600026,320.36315789473684,184.71795665634676,2.734366392356865
41.153480651999416,319.44165095327884,185.00817096165935,3.510085366116279
41.189199301999906,320.6196641007698,185.02612549568462,2.378577741531403
41.22162256699994,318.14262358145794,184.36574341219463,4.936047353280158
41.25303135299873,317.5372889532079,184.4378195851423,5.496752382480571
41.28540290700039,320.0474679826107,185.2574315591587,2.8633271954853523
41.3169379560004,319.85154576063667,184.88511376390164,3.150193375787211
41.35384929199972,318.445032151006,185.34069695084008,4.431799195733548
41.38497707900024,318.2367362949887,184.99107580660979,4.691012775354181
41.41787293000016,317.9368545293597,184.84498868889543,5.013605756663577
41.449098789000345,317.91661880145506,184.44533792839363,5.129269138429493
41.482137286999205,317.8490184757506,184.4715165511932,5.187178826228122
41.51710889499918,317.82141806413654,184.4328724134549,5.224224088837726
41.549483417999,317.5017943196965,184.47790423459446,5.520840747078054
41.580901700999675,315.7009628610729,183.97826685006876,7.389499863260287
41.61415679299898,315.4378223495702,184.19159503342883,7.594418592864826
41.64919656999882,314.5927321929061,184.1162655842273,8.43610582306742
41.68149507899943,315.96172581767564,183.8449150014912,7.17405950201254
41.71297822700035,316.35217825074824,184.00310386875066,6.754999962872746
41.746118610999474,315.21636930048146,183.6897007457755,7.933205857785533
41.77698257299926,316.1844813935075,184.35956057007127,6.829100492656193
41.81387800399898,316.0925658085045,183.86404396875903,7.043148334272938
41.844870566999816,314.8802499770241,183.65343258891647,8.266594235761422
41.87812414600012,315.501478415139,184.05884092253103,7.562917947078976
41.908792381998865,315.5022831050228,184.24538415723646,7.51979341954998
41.94157553599871,316.0655314757482,184.40123839009289,6.936270549918334
41.97720058499908,314.9500980392157,184.33313725490194,8.042752667274307
42.010178184000324,315.6793308760987,184.4027974671581,7.313929649116186
42.040905109999585,316.02376777712834,184.96678355737384,6.88080394627722
42.073745972000324,316.12676738330424,184.68816579508038,6.8211595825473035
42.10539633799999,317.2860334110334,184.76048951048952,5.668234816137487
42.142193722998854,316.17702034084664,184.52794575774234,6.801311180679125
42.17277946499962,316.7313037118303,184.5546717864326,6.253121755532346
42.2058757349987,317.2728450423517,184.83527653213753,5.667122097818476
42.23737115699987,320.3731497418244,185.09558232931727,2.589291606573438
42.269578818999435,319.00539691884995,184.65901285447944,4.025000984898689
42.30511086799925,318.05179015891247,184.05877847980088,5.122614250021146
42.33747718599989,318.0497902097902,184.11944055944056,5.103434238155406
42.369290081000145,318.5342401057901,183.86464531973172,4.752543902196084
42.40170990799925,319.83199054678266,184.39370501665053,3.353294368081923
42.43282581699896,318.06212534059944,183.6283378746594,5.280283670828176
42.4698713050002,319.31369232215013,184.1712245089747,3.916760505040777
42.500962873999015,319.6060691469372,184.43198045847424,3.542081292243523
42.53346427100041,319.54517493271817,184.27979623221836,3.6610904108963216
42.564630322000085,319.0497814731905,184.38876452403792,4.072581347454579
42.59811206700033,319.19056889465713,184.82165260653252,3.8009453568266593
42.63346065400037,319.6065669891527,184.55340564839244,3.494300386540645
42.665509921000194,318.9054159360997,184.85495811416325,4.067531771007104
42.697004517000096,318.0344827586207,184.55374712643675,4.986535463221831
42.73025427599896,319.00963656387665,184.3426945668135,4.126784471134194
42.76087324599939,319.7550572994519,184.4730443447932,3.3892849058444066
42.79777211199871,317.8088888888889,183.8551633986928,5.4226995756625564
42.828976816999784,317.36326710816775,183.9542604856512,5.805611347260826
42.86201378199985,318.2905656950876,184.02369926450558,4.912906712988557
42.892700959999274,318.6918258369275,183.8761552680222,4.605075735214323
42.92956708299971,318.3138599378314,183.77345035655512,4.990848935490392
42.960891324999466,317.92298195631525,184.0306742640076,5.253098598340964
42.99374615399938,317.1984386347131,183.83723674655045,6.000023762478587
43.02482558100019,316.94004995836804,183.5398279211768,6.346605703183907
43.05769367999892,316.9018967238406,183.34086577729377,6.457233912610485
43.09313293000014,316.44787961696306,183.57400820793433,6.7953846173329255
43.12547524299953,316.8714039386514,183.31899446410745,6.493853553833205
43.15675818899945,316.91713325867863,183.63699141470696,6.333122291870687
43.18983483299962,316.5498026255393,183.67217479115027,6.666596601449047
43.22088616699875,317.01095025983665,183.93856718633998,6.144317926452054
43.257827587000065,316.6935067330751,183.83932853717025,6.476872869523739
43.28863329500018,317.18931767337807,184.0480984340045,5.940807379026927
43.321728348999386,316.87008267466155,184.30889433996546,6.17475315918163
43.35287936199893,317.4609482049877,184.4736457476934,5.56145130499045
43.38513506699928,317.79996250468685,184.4776902887139,5.23281243900623
43.421072678998826,317.4308420394678,184.31145638003392,5.633128202160804
43.453537920999224,317.50308473961167,184.2229178007621,5.589068841400377
43.4849154099993,317.2800432082096,183.97902601494283,5.8762780465389595
43.51729671999965,318.28126737076155,184.02862701500834,4.919689093451315
43.548722436999014,318.57017307864766,183.6798493408663,4.80115986125288
43.58582293799918,318.6421911421911,183.7731755424063,4.694841526325772
43.61681719099943,320.21344232515895,184.15995559592287,3.135717193839443
43.649509794999176,318.96913411636166,183.82281708094325,4.381165904058622
43.68089067499932,319.2407407407407,183.6329137018792,4.23954630925236
43.7135676300004,319.9819592447186,183.82370536548885,3.5162390058998576
43.749099171000125,320.77263681592035,183.73442786069648,2.971956469983057
43.781162150000455,319.97938332421086,184.0748038679073,3.3789358937042206
43.812886923000406,320.2998104359972,183.73919984036715,3.3160712165879445
43.84571218199926,320.0087694483734,184.10136727958508,3.3399496238493094
43.87661944699903,320.1259431224608,184.6679241632811,2.9712045398542126
43.91355321099945,320.1865451621549,183.77539533637093,3.3813339606598682
43.94470254800035,320.66989396035035,184.2548639926233,2.7062009157153826
43.97737894599959,319.92278874269005,184.4348501461988,3.2536500015193432
44.008895687000404,319.8993485640884,184.41572621341405,3.2831147863872907
44.04133520100004,320.065872135994,184.54905764966742,3.075202977804985
44.0769341439991,320.1268945022288,184.47052996532935,3.0551551482878265
44.109592855998926,319.35511495857764,184.37084613236527,3.796603349983495
44.140702286000305,319.28955681920746,184.04368625327194,3.995009878501217
44.17347798300034,321.2015503875969,184.3659948320413,2.224230636237906
44.2047692849992,319.8391211146838,184.39088960342977,3.348124672945886
44.24163187299928,321.19241542770953,184.32482223658695,2.2588405424660234
44.27269681799953,320.97486899796814,184.08993690514382,2.578222631099297
44.30536060600025,321.4341059602649,184.29238410596025,2.1124472640681957
44.3367558359987,321.86393629124,184.2566552901024,1.8833841350434875
44.3736331759992,320.5290110406389,184.7802443035001,2.557709131850966
44.40480029699938,320.8139642774298,184.5135699373695,2.4396175098070105
44.437227358999735,320.798778296802,184.7629656246257,2.3243022045220916
44.468713616999594,321.1741452991453,184.87298195631527,1.9432846398228623
44.501897263999126,320.45292439372326,184.9129814550642,2.574914199639962
44.53714541299996,323.104714064915,185.13304997424007,0.7752669605476337
44.56968457699986,321.82590789966304,185.73929863971046,1.0275139112614624
44.600791105998724,321.5143625473658,185.54773255103288,1.3684908652960668
44.633414656998866,321.36351466471945,185.4847267859316,1.5300413790866196
44.66462639400015,323.0100541376643,185.35485949987108,0.5347954065153437
44.70134460099871,321.8993779729235,185.38333943163798,1.0614470148700568
44.732629008,322.3074604370761,185.46232102486812,0.6716134168492367
44.76533973900041,321.75863746958635,185.76654501216544,1.0915542080037377
44.79655115300011,320.3645621181263,185.25582711020593,2.554689734408059
44.82940641099958,320.56315058986814,185.14272495951883,2.393886044509724
44.86469525699977,321.86266855926186,184.74284362431985,1.4910516019982605
44.8967777179987,323.3668624571708,184.73715124816445,1.2413066120366907
44.92838533899885,324.27134724857683,184.47160025300442,1.992568082185439
44.96086462600033,321.8863449571445,184.65269461077844,1.545145990828004
44.99249756899917,321.8596682407071,184.52040198571254,1.6665318237310767
45.02938880699912,322.0713251267198,184.84286748732802,1.281496850541554
45.060634718000074,323.0900012178784,185.08281573498962,0.8182793179803042
45.09285296800044,323.4084704681719,184.9585406301824,1.0658693636610501
45.12447167800019,327.01838235294116,184.36655773420478,4.433039421331842
45.15746697099894,323.38413284132844,185.41143911439116,0.7031359338246171
45.19248910100032,322.98034621892486,185.99739685018872,0.18955719186072734
45.22496575199875,324.9084277712648,185.70118535886414,2.068981364542413
45.25670890800029,326.0540364583333,185.87317708333333,3.2082016037061094
45.28976788199907,327.3885918003565,185.8593171534348,4.542745538928423
45.32025232199885,324.20609047258023,185.8356077836745,1.3605345527516384
45.35713682499954,327.1350463954318,185.13904354032832,4.350002548409135
45.38835834999918,328.8871929059456,185.4275330716674,6.057077691171688
45.42152996999903,327.56397534205377,185.9170049616599,4.718426580296838
45.452389478999976,327.631744533585,185.68381311939595,4.789280115242611
45.48496846600028,327.9747952110901,185.17706364209198,5.174720398220572
45.52058802699867,328.0854032505366,185.56991720331186,5.247791340722734
45.55370984900037,327.38726873628093,185.95343367826905,4.542304271612205
45.58429063299991,327.89833175952157,185.81224425558702,5.052746518848406
45.616766811999696,327.95401220084466,185.35445017988425,5.13349743402589
45.6526330509987,328.18535898639135,185.06694822462066,5.398646108147069
45.68561733800016,328.0679518072289,185.60706827309235,5.228411363303954
45.71647801600011,327.55968525029294,185.8746023773648,4.713849083007625
45.74903279699902,327.9344512195122,186.06368563685635,5.0925262138028735
45.7805968749999,327.0641466208476,185.82196039928,4.2185058323248255
45.817965895999805,327.5973980309423,186.1559423347398,4.760520706222049
45.84836226299922,328.4339489885664,186.73262972735267,5.655236009566337
45.881337943999824,328.6032246757798,187.08973010865753,5.886444737174817
45.912429719999636,327.9685873272303,187.35325794291867,5.3348733009238645
45.94505789200048,329.0242747187685,188.5040457864614,6.718908635115541
45.98078031899968,328.2081701175154,187.12721507181496,5.509142920385874
46.013305980999576,330.2007843137254,188.22156862745095,7.723603495259623
46.0447229450001,330.32380952380953,188.4236111111111,7.903949798265228
46.07724452699949,329.7747491955328,187.25440090857467,7.067062695875472
46.10851722799998,328.3626846139465,187.6687231258179,5.804580047042603
46.14592997699947,327.29327533079567,187.50135943447526,4.739317981589228
46.176624478999656,328.8335139039364,186.32520765619356,6.005415385254095
46.20906988800016,329.04619565217394,186.84891304347826,6.278113538971699
46.2403317520002,330.9615233608166,188.12249705535925,8.424119680486974
46.27316027800043,331.1138114997036,187.8818415332938,8.510676580071774
46.30853172699972,330.5396129974443,186.25502008032126,7.703703544873267
46.34114868699908,330.90405482581383,187.25261755187512,8.177006963620977
46.37242227899878,330.71973376506566,186.51070336391436,7.900412963398054
46.40497452599993,330.722825052351,186.74509803921566,7.926121843515361
46.4363211839991,331.5777777777777,186.8239028944911,8.784551479123499
46.47389022799871,330.6623863028357,186.4720884608525,7.840169106669195
46.50443224199989,332.4910644910645,187.98620823620823,9.875966573098363
46.537071069999,330.33599543639474,187.68758319072066,7.7089822141023046
46.56835854599922,332.2190476190476,188.73928571428573,9.804343653863024
46.60111408800003,332.9687058348475,188.3686654552796,10.42815815040979
46.63659773799918,331.77602179836515,187.42452316076293,9.06552722873439
46.669342339999275,331.2350765979926,187.13858073604507,8.485526411736187
46.70040240399976,329.73282163742687,187.55281432748538,7.09105738155329
46.732895498998914,330.6448884089272,187.14110871130308,7.9029415667722915
46.7643264620001,330.4443183966723,187.58442049536774,7.7908410767198735
46.80118586299977,330.81924360400444,187.05691509084167,8.062164792521411
46.83224177000011,331.4546143642221,187.9816183437559,8.865433545477512
46.86463788999936,330.8301613195577,187.21044045677,8.097075586947508
46.8963739769988,330.1865057597367,187.02029621503016,7.431196547554628
46.929639423999106,329.3992616033755,186.82665260196904,6.623765281437438
46.96491454500028,329.1022358764294,186.6410650281618,6.304481746139422
46.99757893599963,330.2553659878921,186.8125114657861,7.470004119228298
47.02871497599881,327.9133700550826,186.62193289934902,5.123915220427886
47.061211500000354,328.1458444090023,186.8584086478823,5.392509588935256
47.09703717999946,328.45890536335344,187.08273842211239,5.743880666823546
47.129154954000114,327.34663120567376,187.04893617021276,4.654196069708837
47.16054138599975,327.5008893632159,186.77499110636782,4.743378012720727
47.193178601999534,327.13624205951186,187.22417251755266,4.500892243267284
47.22460237799896,327.17620481927713,186.899765729585,4.452545979511905
47.2614075019992,326.73501577287067,187.86978618997546,4.376015905789235
47.292517310999756,326.22587064676617,187.2268656716418,3.6445079660379833
47.32529583900032,325.08988374110703,187.55734860315806,2.811356822528592
47.35615775899896,327.9830830312446,187.63058864146382,5.432554069354694
47.38882497299892,326.7475,186.963,4.053526509053019
47.425018091998936,327.50477626948214,187.46740405563932,4.92717809965809
47.45682752399989,328.22170138888885,186.7376736111111,5.446412700798816
47.488214134999,329.3434684684685,187.30686936936937,6.6559335617362585
47.521219862999715,328.06332074114044,187.29825508184922,5.411064169860336
47.55235513699881,328.6970495258166,186.92781875658588,5.947154193869945
47.58911237099892,329.3461956521739,186.94909420289855,6.590320882248379
47.62039393899977,328.87020202020204,186.58148148148146,6.0669490521522285
47.653098187998694,329.20983884648,186.45631891433416,6.391512028724364
47.684228510999674,329.8793859649123,187.00676169590642,7.125795459031867
47.71708084799866,329.74214171550346,187.08826141005147,7.004149664142887
47.75258595699961,330.1991716189447,187.21411849450746,7.476273276284327
47.7847770999997,329.91381947985724,186.47135815060344,7.094033707916333
47.81628791000003,329.2029212310903,187.22187445661623,6.500513884533467
47.849061064000125,328.42906403940884,187.11444991789818,5.721570280928676
47.880295891998685,329.8669693911873,187.86444668684828,7.300591656590302
47.91729927099914,329.3615705931495,187.59465329991644,6.741692080368942
47.948363589999644,331.31437598736176,187.97858522029136,8.728584201929195
47.980493551998734,329.97875569044004,187.86174338222895,7.407432461190815
48.01228525799888,329.33576009707053,188.0043335066736,6.8337941822626656
48.04495321799914,329.60228969636637,187.67579226812674,6.995193681973649
48.08030810699893,328.94803817603395,187.50866030399433,6.319985172003445
48.11315880999973,328.6139472806139,187.9019019019019,6.117575832041636
48.144402007999815,330.0425974025974,187.07930735930734,7.29867110918435
48.17763035899952,329.00426719185947,187.07287050713933,6.275979572790902
48.20839600299951,329.5203751065643,186.79914748508097,6.73974328944298
48.24564511399876,328.2780020181635,186.1175580221998,5.438076311132133
48.276519087999986,329.8454308093995,186.63220191470842,7.041630532929337
48.30886562999876,329.8236943568174,186.6857693655801,7.026089286100558
48.34077659200011,328.969252271139,187.3121942697414,6.292364943937868
48.376935889999004,328.90839826839823,186.7116883116883,6.121551058367867
48.40823438500047,329.0346653005464,187.0642076502732,6.30415574191863
48.440553299000385,327.9740458015267,186.70703986429177,5.197059197479592
48.47224679399915,327.7902835408022,186.7563969571231,5.024353522163049
48.50551322899992,329.01189860320744,186.9418865321607,6.25958444966182
48.54057859899876,328.79569327731093,187.09488795518206,6.0758683978122985
48.57276772399928,327.3341823739175,186.82866361012054,4.590867097613939
48.60408230899884,326.78440213760854,187.54542418169672,4.28252160897166
48.63736087199868,328.34440408233866,187.10742086144265,5.637433116924873
48.66811459899873,328.2906694415539,187.1148109608047,5.586684973706718
48.704901221999535,327.15832912245236,187.32726966481385,4.554027754127155
48.73616982800013,327.76860670194003,187.53915343915344,5.200027349063009
48.769149615998685,327.41293532338307,186.28085379553843,4.586087414740967
48.800526007999,327.55449735449736,187.25449735449735,4.90972021114655
48.83305464200021,328.109565516057,187.07161257083976,5.400506957658195
48.868331027999375,327.87353301804166,186.78928008407777,5.112150690319023
48.90108012499877,328.8901574122124,186.54644525168655,6.0827333535675585
48.932015938000404,330.04934770277936,187.52127056154282,7.391720855148391
48.96483506099867,328.9485391766268,186.6082337317397,6.147925069936875
48.99613898999996,329.3481481481481,186.3057239057239,6.517298385273839
49.03342397199958,330.6517253646389,187.01191746709355,7.889856611022451
49.064104064000276,330.1985629162285,187.08149316508937,7.452860718519275
49.09673764800027,329.4632120910148,186.56203288490283,6.654096457662547
49.128220732000045,330.1411179698216,187.00154320987653,7.383452220646988
49.16084244599915,330.7521544295071,187.12254395036194,8.005876276664184
49.19620623799892,329.7195904910636,187.6316154780496,7.097423721393821
49.22863922099896,331.2614654717976,187.6462836056932,8.602312430585412
49.26030998399983,330.8684950773558,187.46554149085793,8.1809757438628
49.292487249998885,330.13498066901997,187.76937300386618,7.534094053201558
49.32407088099899,330.35166217430367,187.39227313566934,7.659856555024499
49.36093521099974,330.3618854536239,187.51697921946274,7.695696263751174
49.392298077000305,330.0525788683025,187.22116508095473,7.333440081502848
49.42444681099914,330.55392652510955,187.20694304010783,7.824221466540521
49.4561234140001,329.42389210019263,187.76388159047116,6.846961723327659
49.48898219900002,330.3145416227608,187.42026694766417,7.629147953957152
49.52432683599909,330.27911436541143,187.32200139470012,7.574940871169205
49.556781555998896,330.16829143150335,186.77116469984608,7.378444394243582
49.588146190999396,330.4077584693698,186.62137967351237,7.599761600084264
49.620800343000155,329.9122635355512,186.49559686888455,7.09460085215823
49.65638462899915,329.0440672153635,187.21107681755828,6.342949736590686
49.68886390899934,328.94867807153963,187.38534646621738,6.289639585827168
49.72018944099909,328.25988411724603,187.06765507839125,5.546259663688395
49.75330626399955,329.1408118578406,186.90921340744484,6.381176014806298
49.784214358998724,327.9255284552845,186.96926829268293,5.198572921970042
49.820949007998934,328.41282051282053,186.81846153846155,5.648231091120127
49.85214818500026,327.7587786259542,187.70856658184903,5.247853441558244
49.88518173099874,327.3765432098765,187.24874874874874,4.737638359422883
49.91595508099999,327.3659457603845,187.5482320631651,4.823745141356155
49.94886359999873,327.19202337974895,187.6107959429259,4.684138634698282
49.98423292699954,328.5880570409982,187.94688057040997,6.108362528875528
50.01718981999875,327.89057899901866,186.58652273470722,5.096234147409191
50.048083300000144,327.2687564234327,187.16084275436793,4.609162383035219
50.0809216130001,326.879577020202,187.33017676767676,4.291988196198433
50.11209922499984,327.2164898746384,187.09144969463193,4.539777119227676
50.14913588299896,327.77560137457044,186.9298969072165,5.043706927111494
50.18006654899909,327.7453468697123,186.52808798646362,4.944323399364311
50.21310991499922,327.935632183908,185.87093596059114,5.089788660868051
50.244031211999754,327.9506820566632,186.639209513816,5.163385690023402
50.27655185799995,327.14323828580956,186.78706019676503,4.395444020005814
50.31208135700035,327.5185565247135,187.27313152043783,4.880610022372773
50.34434179799973,328.70569514237854,186.47805695142378,5.891951080970866
50.376093638000384,329.2440476190476,187.07720588235293,6.512238704029929
50.40855626600023,330.6195652173913,187.35472739820565,7.915394567122288
50.44001761300024,329.69787449392715,187.20242914979758,6.981556409595946
50.47651273500014,329.0958649789029,187.34059071729956,6.422114328984852
50.50809045999995,329.3016033755274,187.47088607594938,6.652775859156699
50.540276061999975,330.43575964826573,187.17065624491124,7.701595130568588
50.57255142299982,330.07423868312753,187.6072427983539,7.435666846647158
50.60497702799876,330.4914750508368,187.3250430157985,7.784007505385193
50.64046632299869,329.31061753323235,187.5258287060407,6.674991059166154
50.67281157999969,329.86480186480185,187.57892107892107,7.225459979098999
50.704479563999485,329.72204861111106,188.21944444444443,7.268499572250769
50.73701854899991,330.44549058473734,187.59993392798148,7.79542463104408
50.76841421399877,330.8970612930311,187.32476910159528,8.182688709000436
50.8052942129998,329.6611703847397,186.7145166505011,6.868208949442176
50.83641758199883,330.1744224422442,187.02524752475247,7.4200340829185
50.86905354800001,329.3132845188284,186.87377963737794,6.545818782696685
50.90007998599867,330.1155050255396,186.52051408798815,7.299256867729627
50.93254717899981,329.6454866364095,187.30626996133802,6.950952130716734
50.96826271700047,330.5718685831622,186.89219712525667,7.794160775383327
51.00032873999953,328.7736789631107,186.18860086407443,5.936720937838546
51.032096715998705,329.070055392636,186.59514499837078,6.267023624591616
51.0649456329993,328.28566511787983,187.14093959731542,5.587721783802726
51.10057849199984,328.363358778626,187.26446140797285,5.692513593585431
51.13272863599923,328.21447028423773,187.01619293712315,5.490906949728254
51.16449784799988,328.7388774811772,187.645106091718,6.156359664908644
51.19691707699894,327.928165374677,187.55297157622738,5.35566725979003
51.228324845000316,326.74621594349145,187.47157753111333,4.218737333753551
51.26546262000011,326.37416299199737,186.87408133268005,3.6700991121014317
51.29590325800018,326.6198234894772,187.62491513917175,4.164653283524226
51.329054547999476,326.6291390728477,187.12030905077262,3.9864831345690175
51.36011432499981,325.7049234863606,187.37541583499666,3.234072711250329
51.39333666299899,327.43576567317575,186.9803014731072,4.723755554699643
51.428232202999425,326.65630975143404,186.21223709369025,3.826357039962645
51.46085059100005,324.8164435946463,186.84815168897387,2.2027597138097756
51.492421398999795,326.8079986442975,186.78427385188948,4.067660970013214
51.52494670299893,326.07276668214894,186.5702121071373,3.303329871276587
51.55622500000027,326.40515222482435,186.29274004683842,3.585054238844552
51.59310933599954,326.16749502982105,186.33482438701125,3.3548739365518943
51.62417851899954,325.63554124501684,185.9475620975161,2.790949314456631
51.65682215000015,327.1290271132376,186.4641148325359,4.3250399754276945
51.68820424899968,326.16495166822574,186.65653258497036,3.4124531128241706
51.72077853299925,329.24608294930874,185.95806451612904,6.40092827325093
51.7562805059988,326.5939637228665,187.3360095153137,4.026872781742308
51.7887187489996,327.6006130268199,187.41716475095785,5.002065577812475
51.82002362700041,325.44218914448953,188.02435723951285,3.377706042360508
51.85261358000025,326.0615363050182,187.13779086066722,3.458850276167067
51.88419545800025,326.4673713883016,187.8352360817477,4.123336306470657
51.92092868100008,325.71430555555554,187.69791666666666,3.4046952653895244
51.95212230699872,325.84975961538464,187.67761752136752,3.509036463256962
51.9848742260001,324.90939903532785,187.17729109633686,2.4461076014114984
52.016313459998855,325.31973058637084,187.108029582673,2.769141668967714
52.04881141799888,326.370152596948,187.4670306593868,3.8718210207666792
52.08437222700013,326.0019632590099,187.96438087224792,3.7912278718154226
52.117168552000294,327.4082287308229,186.85620641562065,4.669062070881458
52.14823363799951,326.63311148086524,187.01788685524127,3.9591952531312153
52.180944802999875,327.3689428850719,186.91649211004048,4.643974334775415
52.21232633699947,325.3846260772866,187.08604392549347,2.817661887308648
52.24920949499938,325.5081878467993,187.06035999458652,2.9188618416503274
52.28015146799953,326.2192192192192,187.31846131846132,3.6736366371506923
52.31340607899983,325.8628375482212,187.71038719817116,3.537234326240747
52.34454212399942,325.9275182582334,187.15171558495246,3.3399639076675696
52.37700423699971,324.3808548409122,187.20961354636077,2.0414210439108675
52.4123832819987,325.191242569233,188.39538929969552,3.4510443804847277
52.4450021119992,322.7954369682908,186.96790409899458,1.1052325645038223
52.47640565799884,324.4085886137921,187.46482025458104,2.2372645567807266
52.50879281299967,325.94944989592625,188.04222420457924,3.791804141418131
52.5443271690001,326.32295427196146,188.24939831528278,4.2167807442329
52.57658122700013,327.11456859971713,188.59280213735659,5.066488424690967
52.60802663699906,325.9447993447993,188.4067158067158,4.008716284040189
52.640869394999754,327.19174757281553,187.9962783171521,4.840889334425765
52.67214242400041,326.9061569016882,187.80966567361799,4.502489611075623
52.70914525899934,327.639808682855,189.08057395143487,5.773174916781997
52.74005948000013,328.8639494833525,188.92288557213928,6.750956273368132
52.77298988700022,328.0448548812665,188.70712401055408,5.925709645792261
52.80432689400004,327.2760996290408,188.08284755343578,4.9549167863172405
52.837119649999295,329.04548844146154,188.27274422073077,6.651198587138047
52.872447874999125,328.5209139487746,188.45070941588352,6.2368546069817885
52.90501109899924,328.74072138003135,187.85851193587732,6.223207776396663
52.93619962699995,328.6735751295337,188.797351755901,6.524415350706121
52.969085212998834,328.72658988482726,187.678517776665,6.154367615353388
53.0001166309994,327.44633972992176,188.27149964463396,5.192439903979463
53.037065593998705,328.6880681818182,188.6403409090909,6.468430194028689
53.068111835998934,329.3304535637149,189.08567314614828,7.240885921450816
53.10086933999992,329.228125,188.16684027777777,6.785082714914427
53.131981717999224,330.30101010101004,189.0598714416896,8.111360417232532
53.16484194899931,330.42230509678564,189.22589238145977,8.28892110979216
53.20032060700032,328.576157774256,188.88184539531608,6.476489079394021
53.23294482900019,329.7142595643419,188.7818048691195,7.4625528975832225
53.26411031099997,330.67182320441987,188.94677716390422,8.411331277815968
53.296932777999245,330.87900355871886,188.5260125402474,8.462791487506546
53.328072046999296,330.979343220339,189.36087570621467,8.853424331764419
53.364960975999566,331.177162504524,189.30184581976113,9.012813224250946
53.3960233910002,330.0583842498303,188.26782077393077,7.602623430922609
53.428746820000015,329.6579626047711,187.43504190844615,6.990967833016277
53.460013919999255,330.84765625,188.96316964285714,8.581077108123425
53.49289951799983,329.9544444444444,187.56492063492064,7.309300485306182
53.52798761399936,329.55768631119423,187.30480199563453,6.864779003461944
53.560969649999606,329.33241082410825,187.39437269372695,6.664688804213665
53.592076664999695,327.99185908821784,187.02412670219064,5.275199756251405
53.624609376998706,328.28040896105847,186.90918658848292,5.534187833778726
53.655986392999694,328.2141230068337,187.6577069096431,5.6600702278744395
53.69294626400006,326.32910679064526,186.5050718512257,3.5417919150788637
53.72387700000036,327.0913086629803,186.83510562881042,4.3551491701865865
53.756802095998864,326.2764129413344,186.5783326621023,3.504182954455173
53.78798398199979,326.08914562829835,187.16217372700044,3.493521718066602
53.82488478899904,324.78231848521995,187.00340553058166,2.246901661943896
53.85599058099979,325.7963281698221,187.41795754446355,3.3347665872854084
53.88871027599998,325.1012624227773,186.54727370400215,2.3566922745304177
53.920020382000075,325.3301442041043,186.97601220188574,2.721891371354909
53.95298727000045,324.48991550831283,186.97914963205233,1.9866837931762802
53.98836709599891,324.6983990851915,186.76400800457404,2.0596793132859443
54.02056878700023,324.7895788722341,186.70406852248394,2.1175699083550463
54.05203773100038,324.82776572668115,186.74866232827185,2.1704696854639467
54.084876282999176,325.04805860805857,187.02197802197801,2.488183110757027
54.116134844000044,325.06624113475175,186.69929078014184,2.372372625528644
54.15288689299996,325.40261215218624,186.22671777399205,2.582389180513331
54.18421498799944,324.78158488437674,186.22123519458546,1.9684561708934238
54.21684290600024,324.1266638042078,186.9091169314441,1.6532179972297047
54.24807906499882,324.73517382413087,186.89205375401693,2.1510023545581785
54.28088902099989,324.5543538546866,186.42623405435384,1.7986934414953502
54.316251704000024,326.2588996763754,186.33319262698748,3.44517449933495
54.34896346599999,325.3851820961913,186.61898804559354,2.649243511139612
54.37993012100014,326.9063191153238,188.8595576619273,5.045974132979074
54.4125880470001,325.17371475953564,187.78883360972912,3.020700543430808
54.443873039999744,325.52160110420976,187.0046928916494,2.908820869361439
54.48088691399971,326.47090606816295,186.98351343862566,3.794041611740964
54.51188166399879,326.50048834937905,187.38495883912375,3.9585667009416317
54.54490159499983,326.2906370126304,187.2137561779242,3.6998500953764686
54.576184286999705,326.2169890664424,187.67437622652088,3.8265775892338425
54.60888053999952,326.369023012264,187.31376601901613,3.809868355681236
54.644369948999156,326.5204012471194,187.1912701640233,3.906975436337892
54.67693244200018,327.550247557875,186.6492707078817,4.769517849245988
54.708168961999036,327.5700680272109,186.69197278911562,4.796257315136769
54.7407348809993,326.98643649815045,186.9180709686258,4.272693564973188
54.77189941299912,326.3156704818426,187.20856295040272,3.721289205965612
54.809004570999605,325.9185645272602,186.98495514147686,3.270859789317841
54.84012550799889,326.65845985501295,186.62043496101765,3.8869613894289077
54.872092681998765,327.0207225630538,186.81186094069528,4.281162421286157
54.90422980199946,328.3195962994113,186.79114101485843,5.551741702776315
54.93645492900032,326.74494745351655,186.49568849366747,3.9499655940925336
54.97199189099956,326.73773265651437,186.8103496897913,4.0053311166236005
55.00492400300027,324.88728918140686,187.02015631427395,2.3461861735822884
55.035896199999115,326.11494742824664,187.3294970161978,3.5826263612883578
55.06885325700023,326.96564452015895,187.02881885292445,4.281347614790775
55.10016003399869,326.28868078175896,186.88585776330075,3.5913300661891894
55.136941328999455,324.66223438925823,186.74670838221874,2.0195906554874363
55.167923101998895,324.64625049077347,187.25389346944115,2.2745871193820464
55.20082469599947,323.2556582295433,187.14436855497522,1.344523701261707
55.23197004400026,324.0299802761341,186.73833004602233,1.4720505185892372
55.26917051899909,324.2865633074935,186.5313953488372,1.5878644779415287
55.29979160699986,324.7195640616693,186.7345826687932,2.066164199060939
55.332877240000016,324.0763168809623,187.43481266417805,1.9955111403614958
55.363741831999505,323.15697361335486,186.67380183091007,0.8676787842925036
55.39672082099969,323.15459129511675,186.64596602972398,0.8408755533780486
55.43223258699982,322.7437417654809,186.86837944664032,1.0097335432615318
55.46447616699879,323.480526247232,186.22157092614302,0.7285604155029726
55.49636626499887,323.95383789586685,186.21242619431024,1.1615358492457233
55.52883770599874,322.4752156559804,186.1073773657783,0.44349521952482357
55.56003522500032,322.93409779886645,186.3517859496507,0.4958799660104923
55.59692650599936,322.75405160119277,186.317775184753,0.4631418094141163
55.627979528999276,322.1405034928166,186.25939106366152,0.8086943835108776
55.660818308999296,323.1009867999487,186.65385108291682,0.8302058816295612
55.69182193400047,324.03557107748026,185.97995084723837,1.195376834611392
55.7245694760004,324.27188226181255,186.04918667699457,1.4380307500744978
55.7602588539994,322.68991361788613,186.9018038617886,1.0496296606548638
55.79263604699918,322.2907690298994,186.9661835748792,1.2342263454733036
55.823897956999645,324.6381282941252,186.36842781848566,1.8619597476959295
55.85645593699883,325.1171463315768,187.07363869747329,2.573412280002803
55.88778950300002,325.37312078797305,187.3687143597719,2.941395387930042
55.92447352700037,324.10254403131114,187.8002609262883,2.308480045444138
55.95588662299997,323.9323862141542,187.4297553275454,1.9059674695621172
55.988458456000444,323.9285807546677,186.8418853636245,1.4590810327830646
56.01982891499938,324.40470430107524,186.92620967741937,1.8864515377221427
56.05259449500045,325.4036498213374,186.91066870852475,2.763735887062315
56.08820615999866,326.4175180493121,187.65508786268902,3.99567985149051
56.12021549400015,324.60986717267554,186.91587602783048,2.0539181998577307
56.1519455359994,325.26569092827003,186.8214662447257,2.60244505508811
56.18459389099917,325.3040367220197,186.6561360874848,2.5827216794493766
56.21581728700039,325.8559523809524,186.3588624338624,3.0505393988126883
56.25286476600013,325.4546995176639,186.40359796636685,2.66410622113552
56.28376463600034,325.4816091954023,185.84150702426564,2.6358551591739845
56.3165586920004,326.1295922486879,185.53801641770957,3.299866996521735
56.34777497699906,324.5025700334104,185.99665895656642,1.662038496429331
56.3809678409998,323.09976037331313,186.5571951065708,0.7384021733644132
56.4162138669999,323.73842953718145,186.62532501300052,1.173280888965214
56.44839334899916,324.6420669009501,186.29597813354158,1.847473856329622
56.47986091799976,323.8673878205128,186.91105769230768,1.4629578209374423
56.51232030199935,323.4491033755274,186.5497099156118,0.9134325063630087
56.54760937299943,322.88595146871006,186.46538952745848,0.6029029495042638
56.58047245299895,323.1381392958108,187.31328707273192,1.478642437692852
56.611864593000064,322.9826958105646,186.79690346083788,0.9430633880556523
56.644240444999014,323.80426433584955,186.98000264865578,1.4711969914188991
56.676216294999904,324.1310891089109,186.6439603960396,1.5034825068893027
56.71303315099976,322.91066666666666,187.15973333333332,1.2975315295754914
56.74372029799997,321.9884655261793,187.33320373250388,1.7012315502396584
56.776562777000436,322.15937579943716,186.71079559989766,1.0902336269798707
56.807741110998904,323.47402426160335,186.80379746835442,1.1305569561712967
56.840675375999126,322.5640036022128,186.177794931172,0.42191902538656273
56.87598079499912,323.09305289993625,185.46347992351815,0.4705142340097875
56.90857680800036,323.1086303694999,186.00130565347956,0.29657397170959243
56.93964050399882,322.45471987720646,186.23637759017652,0.5401660897174043
56.97252139599914,322.6249667994688,186.33652058432932,0.5217593833217326
57.003712925999935,323.7673907421774,185.78484613395395,0.9249201430736458
57.04070410500026,325.315873015873,186.07195767195768,2.4787782617937872
57.07185729199955,324.0674418604651,186.41589147286822,1.3405488662845804
57.10437544399974,322.98937007874014,186.64632545931758,0.7955566638206242
57.135709254000176,323.89704421261797,186.29185295578736,1.1349991622410154
57.16832002299998,324.3770681031166,186.8068487879954,1.7983140350993125
57.20404090199918,324.1555387903935,186.6772287187225,1.541726132755876
57.23645708000004,324.9160725453408,186.9545966228893,2.3400036987879522
57.26763856599973,326.78992370428836,186.89160747171798,4.075791042583317
57.30059160000019,325.285257639688,187.03554532668454,2.7062248565187437
57.33191260499916,324.1408432147562,187.04888010540182,1.7553844270391592
57.368768846999956,325.75767030681226,187.21710868434735,3.210933139640736
57.3995530889988,325.7375079063883,186.8974067046173,3.070829185321692
57.432473954999296,325.0811605316973,186.65311860940696,2.3705715215192082
57.46381978499994,325.56837934560326,186.85940695296523,2.898855637825235
57.49642947299981,325.57092198581563,186.9913317572892,2.9491192263124435
57.53193246699993,325.9237609520073,186.11900091539164,3.0884723520416153
57.56447312700038,324.4414026854387,186.84760787381046,1.8744674425745282
57.59570255200015,326.92687483319986,186.14424873231917,4.09064973232441
57.62839679299941,326.31110234148906,186.11746908708233,3.474524595160503
57.65985247599929,324.727501256913,185.898315736551,1.881968901928005
57.69654037500004,324.2585657877977,186.06317666539294,1.4267138843768035
57.7278146360004,324.11604182606476,186.4783218566692,1.4110284920117286
57.760549238999374,323.85772811918065,186.24605834885162,1.0816677610487575
57.79175005399884,322.9839432412248,186.56671645506594,0.7163316551991704
57.8245125049998,324.9732661759008,186.69197985277023,2.282926133807868
57.859963515000345,325.33044278018656,186.8432531861779,2.6706730578924396
57.89253760700012,323.3328120927808,186.88884545217616,1.1348158491811173
57.92376703300033,324.148828541001,187.42132587859425,2.0306589872603547
57.95700375599881,322.5639519707648,187.10728269381363,1.2750139679538772
57.99152387200047,322.73166986564297,186.84849648112603,0.99127239758825
58.02426514400031,322.9730769230769,186.70256410256408,0.8483370234369401
58.05586851499902,323.09647448135416,186.5206821942217,0.7030497483958994
58.08802461599953,323.24592478500836,186.35181619817737,0.6310305541504797
58.11957688300026,321.85306935624453,186.51326111318642,1.18633124627426
58.15651270499984,322.5145865043125,186.20421106037543,0.4749729968929423
58.18797759900008,323.19172633253777,186.18443383717846,0.4716180130127523
58.220585928998844,323.78580530071355,185.77739551478084,0.9439217665936694
58.25177468499896,323.04733207784057,185.73760200878843,0.23775422722993889
58.28439692699976,323.107690405539,185.4596933728981,0.4815402167121916
58.319758519999596,322.7950747581354,185.79758763663776,0.08345620490939745
58.352492078998694,323.2588369441277,186.04700367414162,0.4517909409916129
58.384048771999005,323.2725903614458,186.25828313253012,0.5811267978798124
58.41626688699944,323.82077495898017,186.31010980689132,1.072219467312333
58.44751547099986,324.39812415154876,186.14525484388497,1.577581778087523
58.48451416399985,323.8169910179641,186.84867764471056,1.3831336935416072
58.515711922000264,324.15832710978344,186.8254916604431,1.62708605020317
58.54834111799937,324.03381642512073,186.9324942791762,1.5979138426300885
58.57952726199983,324.3854985648321,186.96031448895545,1.8901900781914762
58.61244513699967,323.75672804532576,186.80051935788478,1.306561843385722
58.64800063999974,323.8024132730015,186.4173337974243,1.10516591259202
58.68002234499909,324.89051008303676,186.66785290628707,2.1970678216669413
58.71175672999925,322.36572517372787,185.6639766868415,0.5200543019556074
58.74443936999887,322.64307178631054,185.72331663884248,0.24669839240582073
58.775852658000076,323.2048730267673,186.26515671471057,0.5384870655725832
58.81262980300016,322.75389718076286,185.33775566611385,0.5340417890975913
58.84375424099926,321.72715489306546,185.26766040181465,1.26762920446228
58.87650264399963,321.31261175975595,184.70369201640895,1.9226845880685215
58.90771599099935,322.1273747841105,185.03119602763383,1.0997591406555731
58.940164267,320.6770018352168,185.03129527673138,2.3231436164462043
58.97587275799924,320.0583792610737,184.5793018983466,3.0691979627025088
59.008609178999905,321.94067434912506,185.10670081092613,1.1800730664758274
59.039551347999804,321.8540477700275,184.9338406256605,1.3596079148331135
59.07290875400031,320.3735489220564,185.16998341625205,2.5678155882321625
59.10351515500042,319.89434431323804,185.38212140045576,2.990553831534308
59.14067741399958,320.05121013815307,185.46930507946402,2.822347780831717
59.17157569200026,320.35495096488455,185.40662237688494,2.532508998415753
59.20446193200041,320.0780603804797,185.84356906534325,2.7678622111412614
59.23535993599944,320.0261316872428,185.51306584362138,2.8414490358927247
59.272371570999894,319.0606892345227,185.5474229948155,3.798360019379352
59.30358917199919,320.10706223798775,186.02429323874017,2.7434834135023904
59.33619951299988,319.4229017566688,186.05530253741054,3.4282983011013295
59.36745196599986,319.0196203202885,185.53886944532823,3.8400020942251687
59.4003285079998,320.38119031756605,185.89729069509215,2.464885412589377
59.43576831199971,320.2551191675059,185.6515609264854,2.5994101505125893
59.468529329999,319.3971337579618,185.13333333333333,3.5252300282324947
59.49980472899915,319.6697799248524,185.21653247450345,3.241356976028343
59.53228980699896,319.26010856319925,185.40157305860194,3.6154121156912558
59.5638239609998,319.85061242344705,185.1470909886264,3.0797958040564395
59.60035536699979,320.46402550091074,185.21117941712203,2.4696199845892552
59.631527730000016,321.3063725490196,185.38313279857394,1.6127765232999711
59.66430307799965,321.1111111111111,185.33037643580118,1.8149043386567674
59.69572775800043,321.94096115243826,185.80588026921714,0.9067404946904931
59.72839989400018,320.7833898305085,185.74474576271186,2.065893232328993
59.763749669999015,320.62752902155887,185.62719734660033,2.2309039474233234
59.79628978999972,322.87793103448274,186.1049425287356,0.24324574010595848
59.82773126699976,321.96034946236557,185.78539426523295,0.8889653629009093
59.86043417899964,321.71366791851597,186.06589279617617,1.1500719719677859
59.89172676999988,322.01001669449084,186.51585976627712,1.0600793810940736
59.92861114900006,322.012654012654,186.5110445110445,1.0550404111775025
59.959615449999546,322.3810007906924,186.46357167062013,0.758803849963682
59.99236174999896,323.4424181019926,186.16041877744004,0.6662319842964919
60.02352477199929,323.82040862399816,185.80742747488426,0.9761904355082663
