t_s,cx_px,cy_px,displacement_px
0.5035440020001261,298.6605810757754,175.9426776599921,0.0
0.6055395109997335,290.1230181470869,185.6284622731614,12.91140597820481
0.6145433199999388,280.13721586195453,194.66450970632155,26.3367054510536
0.6237345079989609,274.1327597840755,204.03036437246965,37.28983993229057
0.6313909709988366,268.5976490344248,211.05340050377833,46.222751341044535
0.6599193199999718,268.78376397287883,216.75902510536923,50.582590077828904
0.6921825439985696,266.0197869101978,216.54337899543378,52.09451403640635
0.7249344389983889,267.1141595711132,216.6378114159571,51.490490589677755
0.7563093299995671,267.4664497133116,213.634743530141,48.92612452482099
0.7931517979995988,266.85999699564366,210.09839266937058,46.667869199690365
0.824030830999618,275.7400034030968,201.78254211332313,34.54057723628561
0.857288447999963,279.6945357757946,193.3068733364647,25.714318303461848
0.8884050409997144,282.5846407927333,184.44302229562345,18.184930984428885
0.9209367409985134,287.1574112162347,175.92513368983958,11.50318323805778
0.9566368599989801,294.2532171025322,167.4888612148886,9.533722760818291
0.9892530649995024,304.2328159645233,160.3791574279379,16.53096983449368
1.0203198609997344,319.39730134932535,157.90171580876228,27.486139638388444
1.053201946999252,324.90528796582703,158.36411842686698,31.587820191605708
1.084421752999333,332.840961427749,163.5562751871042,36.355486067799276
1.1216229409983498,344.65242165242165,169.87780943336497,46.38999920493638
1.1523409979999997,354.5578160319944,179.00643366371065,55.98113500636685
1.1847834949985554,363.9049174378515,189.10578842315368,66.55892811855514
1.2165747079998255,365.9268415741675,199.89875546585938,71.4047860110113
1.2492444799991063,372.3080655957162,209.2255689424364,80.8189509226266
1.2845616260001407,378.0361757105943,214.72302971576227,88.34251937317936
1.3173719459991844,380.40900649953574,218.83194057567317,92.3162712240617
1.3484648329995252,382.26196928635954,219.8535079795242,94.4317379385106
1.3813468389998889,383.0115672857608,220.03616813294232,95.18048527237767
1.4126215309988766,380.68736217133164,217.59694656488549,91.99712460125845
1.449388833998455,378.07430053733555,212.62516212710764,87.4765311692202
1.4807784209988313,374.59920239282155,204.4247258225324,81.10426175650083
1.513190849998864,371.94055555555553,194.26444444444445,75.53569883082496
1.5443685589998495,367.655783065855,184.02582549345138,69.4670798043897
1.5771229459987808,359.47616418185163,175.04049328179642,60.82227458081724
1.6126099499997508,348.40486910121723,168.0025012506253,50.374007112497836
1.6450465749985597,339.28081300813005,162.1240650406504,42.906378278313305
1.6762163619987405,331.50992410974897,157.69045534150612,37.57955504429379
1.7089889789986046,321.606524822695,158.4818439716312,28.833956501482746
1.7407035579999501,311.5670074982958,162.56073619631903,18.591723974314668
1.777156237998497,301.44533333333334,169.8036825396825,6.741076043419123
1.8083303929997783,290.4637625780155,180.2300343905235,9.25036546413444
1.8412062249990413,288.39844819717024,189.07743800395556,16.66833226545186
1.872241529999883,279.5895414531599,197.88989620286426,29.07550436460151
1.9090072979997785,274.84937673130196,203.9160895660203,36.735340286957864
1.9402174399983778,272.2061078140455,211.7032640949555,44.482116605755955
1.9729125759986346,268.86568446899935,215.71786372007367,49.69709538718113
2.0040966589986056,266.1744691737017,216.96124328472754,52.32466141720154
2.0370468629989773,265.5053678973553,216.10866719036395,52.08238546630155
2.0726686779999,267.19117827742963,212.15567022975793,47.976078865851946
2.105275312998856,269.11099726775956,205.0664845173042,41.48944479128359
2.1362339819988847,271.1530815109344,197.98321184007065,35.24837129929464
2.169072327998947,276.8773368317481,188.8794140155242,25.33513128695988
2.2002821609985403,278.9420927869963,178.9358844113331,19.944374320870327
2.2371989769999345,286.62817719680464,172.46623093681916,12.524552883266136
2.2679842629986524,290.7085643869378,161.56674881905934,16.428691349560207
2.301250264999908,300.9784211667751,157.0683148991542,19.016149776312528
2.3319781639984285,308.84052796711023,154.97565725413827,23.30766533589089
2.364859081999384,317.8355807901585,157.32694582446177,26.725008621494766
2.400502847998723,325.53088199951935,162.0398942561884,30.25393293615949
2.4328252989998873,334.3422799422799,172.92077922077922,35.80943317307364
2.463693906998742,344.06492669566614,181.79603673272112,45.78008752290445
2.4967723579993617,353.82964824120603,191.54422110552764,57.33266198064355
2.527853140998559,362.9767441860465,200.86186046511628,68.97488317425552
2.5646775559998787,368.00308641975306,209.56558641975306,77.0641488686327
2.5958981499989022,371.7306774097284,216.65607281408532,83.64699350978799
2.628601422999054,374.2626305996851,220.82224130528124,87.9195377900001
2.659851839998737,376.12663877266385,221.68145048814503,89.96124407167251
2.692972037999425,377.97547989351267,219.75760123301106,90.61236506226616
2.727952595998431,378.2351111111111,215.60133333333334,88.90958778535186
2.7608732859989686,376.5155534501815,209.48239381020053,84.77210203160055
2.7916936749988963,373.14124293785306,203.17284604519773,79.30227652280736
2.8249164769986237,366.936740982418,192.71415624433567,70.30587817176117
2.8561899279993668,362.05977605512487,183.0640826873385,63.797902266399696
2.893484679998437,358.0976611319407,173.20478485984646,59.5001053998066
2.924388571998861,348.3169920462762,163.78033261026752,51.12418006755545
2.9566847039986897,340.62063363119415,158.1088545897644,45.59266668833587
2.987795904999075,332.1213349547358,156.49790568842047,38.700403191372345
3.0213890689992695,323.8307952622673,159.20093062605753,30.229551368522447
3.0557866529998137,314.9809400974491,164.79764975637718,19.762736793487935
3.0890675699993153,307.9751577287066,171.11658780231335,10.490590142490628
3.1203018489995884,298.93915857605174,181.21488673139157,5.2795637998045795
3.1528919269985636,290.76244167962676,191.2674961119751,17.24037895486156
3.183691681999335,284.620920173024,201.38353650543976,29.057690497667533
3.220889583999451,280.43048164824665,209.5992632009824,38.27665444387191
3.252149631998691,275.75813241484883,215.43474933027173,45.65244658807322
3.284536659999503,272.1585887384177,217.93133760988354,49.65282632677603
3.3157766139993328,270.122678737233,219.11942896935932,51.75561538147455
3.3526739299995825,267.88853801169586,217.56760233918126,51.76439885563953
3.3840563489993656,267.8066454577589,213.70484270060092,48.76419231028935
3.416801980998571,266.8188332773486,205.207815474191,43.247487720591025
3.447992039999008,271.30836320191156,199.6,36.16369343579761
3.480872651000027,275.81249240490945,190.10171345242435,26.879610311221576
3.516403042998718,280.7359225741578,179.53381096028153,18.280853940121563
3.548974265999277,285.0321962437716,169.98824581576594,14.87239495564605
3.5798854129989195,290.41672263263933,160.5716364450414,17.442193384496655
3.6122104409987514,297.05820278503046,155.39436466492603,20.61069584293195
3.644485150000037,306.56533521856954,153.81807470248614,23.494322592603165
3.6804663139992044,312.87732258786656,154.7292366241325,25.53675429265647
3.711993151999195,320.58117535769185,160.97221236845215,26.54481653200096
3.744475995999892,331.8988845429523,171.74127191076343,33.50278537145528
3.7755718899989006,338.5554022988506,182.41823754789272,40.416947389466706
3.807768558999669,347.1319376825706,193.36757546251218,51.508246667221925
3.843832538999777,354.6987839101964,204.24961022762704,62.78186528210472
3.876815846999307,362.1946360153256,212.3302681992337,73.21634300013413
3.9079760810000153,366.9939136588818,217.8903043170559,80.18134274302122
3.9410165389999747,368.79681762545897,222.21936624507003,84.02751682486787
3.9716282179997506,370.3782899416702,224.092474036136,86.38190004877968
4.008911815999454,371.62702702702705,223.25,86.96024943466033
4.039738756999213,372.57615396181023,218.24206886182526,85.16308126833158
4.0717267989984975,373.15774264830867,211.00611932687406,82.33633477323947
4.103488274999108,370.96411483253587,201.55869218500794,76.70711305909528
4.136050217999582,366.1889066099592,191.43965975544924,69.28370085032712
4.1716958779998095,360.9310403832991,181.30783709787815,62.501160294540966
4.203793794999001,354.3408109006314,171.85194416749752,55.830297275363
4.2358502600000065,349.9341563786008,163.4289711934156,52.77852189921717
4.268089796998538,342.83544685990336,157.39371980676327,47.91119498078273
4.299824044999696,336.2320554649266,153.61867862969004,43.70327928748108
4.336741433999123,327.5653760917742,157.13023073914744,34.48761131285421
4.367598936998547,317.07855711422843,163.4304609218437,22.26605957630205
4.400372404999871,311.8552311435523,171.38983509056501,13.958050217457787
4.431964734998473,304.2364019491637,181.32964572632687,7.75301253448123
4.464570535999883,297.46677449791076,191.65345733926407,15.756070965693741
4.499801805999596,290.7804292929293,201.96452020202017,27.188841119157573
4.532801751000079,287.2929867316544,211.14473327917682,36.99198455055722
4.563869204999719,283.94047103019795,217.99638780523046,44.555540359574046
4.596419960998901,279.23822862478323,221.53087901827396,49.55312177667328
4.631644026998401,281.1619812583668,221.59586494124645,48.89186542265589
4.664165872000012,276.13943184779777,219.79880114672918,49.30072747772356
4.695704624999053,276.2983274990276,214.90924413328145,44.92731560808018
4.728425081999376,276.7521801379669,208.14135103475206,38.94525129905112
4.759602878999431,275.9377540650406,200.14799288617883,33.199761332859666
4.7967028339990065,277.6585336246662,190.1580480699199,25.360653639646056
4.827344650999294,280.8213768115942,178.9861111111111,18.09695267028598
4.860657448998609,286.67384460395414,168.95302858582042,13.875771885735181
4.891724821000025,292.70659019343225,158.06972559604137,18.838588665484114
4.924034084999221,299.4497922437673,152.7706602031394,23.18545335524776
4.9595882759986125,304.93927783582956,150.80262394055498,25.91224293689953
4.9918160359993635,309.06196652255846,152.887373905332,25.293000028312097
5.023716336998405,317.4295741137283,158.80739947656434,25.41442224568916
5.056065918999593,326.18097251585624,170.1460183227625,28.124245847438594
5.087379991999114,335.3500592066311,180.44893428063943,36.96517488455408
5.124412478999147,342.5814202632384,192.11172329354147,46.80254428586963
5.15562591699927,351.05672715383355,204.10348209906817,59.48434273394215
5.1884513159984635,354.2503711034141,214.73610423882565,67.7875704022818
5.219396256999971,359.40400418347525,221.38189152846257,75.85832589653982
5.252291205999427,363.2080338266385,224.63551797040168,80.85398168377331
5.287952311999106,366.34679568083016,225.38970691347635,83.82381731677731
5.319938030999765,367.29713876967094,224.28097281831185,83.9497935130295
5.351441103999605,368.3875820131221,220.85773723795805,82.94104675375743
5.384599683999113,366.71388196176224,213.67364921030756,77.81309642733267
5.415468795999914,365.6094786729858,203.8988941548183,72.55139509470068
5.452341238998997,364.1411474832805,192.06071805702217,67.43512292038906
5.483562352999797,361.5556115591397,180.05477150537632,63.02931203255019
5.51639107399933,356.81607470401866,170.0812072703018,58.450134938029535
5.547587314998964,350.38692810457513,161.74754901960785,53.638760743149895
5.580231228999764,343.568422580177,155.745465099405,49.240650115549805
5.615531628998724,338.02717860224334,152.95268909979868,45.58803104772939
5.648314816999118,332.63563519813516,155.45716783216784,39.673169970688775
5.679248180998911,327.9291929192919,160.55400540054006,33.06755015351551
5.711936727999273,319.57909029192126,169.56496945010184,21.869137839349815
5.743751889000123,313.7079772079772,179.89216524216522,15.557074998891713
5.780606652999268,306.09675141242934,190.80960451977398,16.6229402793199
5.811626990998775,299.3254524226503,201.88893753648568,25.95477712264999
5.844843458999094,295.5981097474961,211.1104528142192,35.30086599411981
5.875796266998805,292.63081681428366,218.44228876704625,42.92522569888249
5.908634017998338,289.90074198516027,222.38135237295253,47.25764795236448
5.944252558998414,286.3192291579388,223.60522273425497,49.23441042722078
5.976417668000067,282.7051530414568,221.4317448017564,48.20612941510922
6.007443989999956,281.6582633053221,217.68694144324394,45.07396552748805
6.04026689300008,281.8109869646182,210.2970204841713,38.263947686980416
6.075741355998616,283.09483705602344,200.72391065543758,29.264345126159895
6.108549811999183,284.4657637321294,190.1018309505894,20.049300769007
6.139838428998701,285.94682369735904,179.68558172733762,13.2532621469051
6.172678475999419,286.6608915906788,165.78814589665654,15.719639406529947
6.2038320359988575,291.7274096385542,157.10753012048193,20.070666381887182
6.240763697000148,297.9800181653043,150.69865778585122,25.25319198202732
6.27195920199847,304.1819219593192,148.41915732669156,28.071860940983257
6.304623066998829,308.6190476190476,149.0156095633274,28.70954635963256
6.3358939589998045,313.58938212357526,155.2758448310338,25.49484418279312
6.368657966999308,320.2007622579316,164.33086114544705,24.470669956655843
6.403990854998483,326.24206749635607,175.74896288821614,27.58216667670401
6.43670094799927,336.2142252328535,190.23680496754162,40.18206397089228
6.467750124998929,344.99120812490526,201.76504471729572,53.04075454975809
6.500553644998945,350.9348710990502,212.454846977235,63.76315476580863
6.531857132998994,352.3461381283204,220.30431821277753,69.64261761720763
6.568782413000008,353.1975073127305,225.31247615413963,73.56394039696225
6.599752661999446,357.3270609318996,227.12506400409626,77.85494544719795
6.632457618999979,360.94167371090447,226.18948999718228,80.02297576242923
6.66372651599886,364.1832712600869,221.87492240844196,80.01871054085268
6.696441778000008,363.7385560675883,214.29201228878645,75.53684065081274
6.731830393999189,362.7921662669864,204.70951239008792,70.28791503186163
6.764515360999212,359.1015172845299,193.09479117785077,62.82755580094011
6.795759119999275,354.378543392935,181.84081988661143,56.02927276434926
6.828381669998635,353.44987413001627,170.38427365615283,55.07052286344651
6.859581325999898,349.9330177854274,161.26305220883532,53.33248699930956
6.896641595998517,345.5869535236519,154.17707902358296,51.72838403737431
6.9273556059997645,340.8984060984061,151.1283437283437,48.98760078952354
6.960484513998381,331.85852286622645,152.59476644656394,40.586060379794226
6.991589028999442,327.64210385796287,159.18929381924974,33.475431780481934
7.024036011000135,324.93355344614116,166.65290961617828,27.866985260014552
7.0597433039984026,320.2798013245033,177.40756070640174,21.668792456033753
7.092418136999186,312.1380498145204,188.47681505034444,18.405074401481713
7.123393496998688,307.37294306101643,200.1696519586428,25.745903266915178
7.156430833998456,304.9771395913702,210.27275325046435,34.906346149783005
7.187428278999505,307.26221079691516,216.8982005141388,41.84904880778208
7.224461807998523,302.0488038277512,221.8127591706539,45.99504789878756
7.2555139910000435,298.61315947242207,223.3384292565947,47.39577532033127
7.288360773000022,296.3330337078652,221.33153558052433,45.44849722576233
7.31939967299877,294.57115526122146,217.60294334069167,41.860496175740835
7.356536603998393,290.4145180483935,209.84291947639827,34.88873673067522
7.387741281998387,292.0313356835096,203.04974539757148,27.905913634937548
7.42064432799998,295.64442602569414,191.25334991020858,15.604931144983603
7.451476666999952,292.6464179988159,181.48561278863232,8.178892795273494
7.484311210999294,295.7760570304818,169.45169616519175,7.103050030354397
7.519715667998753,296.23313940961,157.94990303813833,18.15578176877717
7.552297850999821,299.4208435207824,150.30939282803584,25.644556737473305
7.583466760999727,303.02925278219396,148.0803391626921,28.20275162136824
7.615893580999909,309.06831903400064,148.05878614553544,29.76293694172455
7.64757487299903,313.54841003759014,152.34908056486842,27.8981231462491
7.684418451999591,317.86524191154643,160.46452953398634,24.66560494347492
7.715439578998485,324.769833496572,171.94101643269124,26.414131720557414
7.748300543998994,330.8625579854208,186.84532803180915,33.997574943213486
7.779528801998822,339.64753596571774,199.17554331190695,47.11365531934551
7.812333378999028,339.5288450240864,207.27881565033485,51.499209142457914
7.847556446999079,346.80106453759146,218.54158349966733,64.28197979741213
7.88071791999937,348.8561338289963,224.24869888475837,69.66394478328765
7.911921034999978,350.8903575025176,227.30173716012084,73.25095588676805
7.944324520998634,352.7382619974059,226.97392996108948,74.3544503394379
7.975558031999753,355.818292189397,222.07122622420073,73.4496217307399
8.012579729998833,360.7260981912145,216.2802002583979,74.02191664759675
8.043587409998509,361.7470328925059,206.26670057646658,69.99604823605064
8.07634812699871,359.42961900207234,193.9583931133429,63.38329412221979
8.107186895998893,352.34684312103667,182.90115798180315,54.13534132876133
8.140315619999456,351.17336683417085,171.51451702959238,52.699158197031615
8.175395630998537,346.661479560331,160.84154625169816,50.32027846837866
8.208214626998597,343.7256419707581,153.43715444157758,50.372197577662774
8.239533800999197,340.85167464114835,148.91424365108577,50.10613356881432
8.271799346999614,339.0846456692913,149.38320209973753,48.368489125633324
8.303522361999057,332.91465186946755,155.73801030519223,39.76895710044947
8.34045096599948,328.08454772220034,163.95470657739267,31.772334882522703
8.3712446669997,324.4719703215169,174.39997251992304,25.85745064665842
8.404210799999419,321.58687315634216,185.1240412979351,24.69640271002238
8.435623506999036,327.44039074960125,194.72687400318978,34.367477025837104
8.467816029999085,323.20722798923487,206.24452133794694,38.996661459377016
8.503623978998803,317.40221402214024,215.3591635916359,43.64525367890238
8.536153705999823,312.8439168047119,222.5866004049328,48.7526670186947
8.56744102599987,308.11542443064184,224.67563837129055,49.641671230469456
8.60030871699928,306.29597407028314,224.28983282156258,48.946364915053174
8.631441368999731,305.6436500163238,219.54489063010118,44.15785578715524
8.668352762999348,305.9391589107204,212.270423991727,37.04973480124021
8.699590705999071,300.587103260089,204.42338072669824,28.545786640072407
8.732245465998858,297.81621773288435,193.4182098765432,17.49591883001669
8.763386709999395,296.04382973348487,183.210433244916,7.724484373055045
8.800515382999947,298.6884870403858,171.78613622664255,4.156635109077107
8.831700999999157,300.7274915217153,159.10655289355648,16.962523867117266
8.864155827999639,303.61585562359005,151.50220216994305,24.937754269859767
8.895455377998587,307.08216945996276,147.27013500931096,29.88373893889132
8.92819816500014,308.10479517307084,146.68021594156875,30.748737303143802
8.963577380998686,311.208082026538,150.7538198632891,28.1410436411288
8.996259505000126,315.65177857713826,157.9245603517186,24.765971490434715
9.02730047699879,324.84944190766106,171.1693302891933,26.620316992744236
9.060366957999577,328.4029260577303,182.7804138658231,30.51821949993401
9.091282337998564,334.1241271198518,195.2697734074391,40.38811369761293
9.128348913000082,339.29856584093875,207.15384615384616,51.24044149424746
9.159330000999034,341.7039685878558,217.89005749544242,60.10254473460057
9.192289773000084,343.36579664978575,223.86897805479805,65.53996161924353
9.22343332699893,345.1894502228826,227.041480931154,69.10877918074904
9.256169719999889,347.72729608220936,227.0124598587026,70.8213610102654
9.29162106199874,350.8544771110216,223.48986441133036,70.60409160455735
9.324078300998735,353.16809116809117,216.3663217873744,67.86117933694607
9.355061418998957,355.7435773924213,207.74389852280024,65.34360042767243
9.388152787998479,355.6844894026975,196.2776172125883,60.54119165894375
9.419221383999684,351.176428975665,184.73132427843802,53.2461697216641
9.456280329999572,348.8538240668233,172.63064474027667,50.30239759712908
9.487431907999053,346.11563833915403,162.8908291294787,49.217204409982614
9.519989976999568,343.5925787573154,154.1231478022662,49.9497377256989
9.55158818199925,341.20081084505256,149.83149626251108,49.91457645613208
9.584233687999586,340.4508333333333,149.72180555555553,49.33517323033889
9.619612970998787,337.4734817257488,153.83484473756525,44.66763406976743
9.651963970998622,335.3595443941265,161.01056676272813,39.620472542485786
9.683347151998532,331.02142955896585,171.3460528134937,32.6856769018397
9.716064832999109,327.046934030805,182.0261551874455,29.030909956709063
9.747307032999743,331.5650286165383,192.29267811328202,36.742688834452494
9.784287548000066,328.5428288822947,203.5845697329377,40.70654654158961
9.81544299199959,325.1128176997623,212.92302066191257,45.46720346525703
9.848305423000056,320.8509865005192,220.05555555555554,49.379753838424385
9.879403862998515,317.3137357830271,224.2888888888889,51.81984485428117
9.912017312999524,314.265375649991,225.40021516944594,51.860945134103574
9.947684875998675,312.0978876867594,221.23235445646574,47.24104183108832
9.979996647998632,312.35199720914005,214.18576661433804,40.620053280454634
10.01136340999983,312.1409140369967,205.26786361987666,32.27515930754178
10.043887224999708,312.34597069597066,194.24212454212451,22.85081279185784
10.079234219998398,304.57112622826907,183.7448223733938,9.78815642133534
10.111973013999886,303.20363636363635,173.37441077441076,5.218749480875205
10.143223313998533,302.8806109362248,160.06540748513467,16.42852276464632
10.175964349999049,304.9749703440095,152.82574139976273,23.96381133898149
10.207154621999507,306.9830765639589,147.5176237161531,29.6183663097915
10.244085414999063,311.8082062196996,145.0703559181743,33.55533186626927
10.274818103000143,313.2552856500225,148.63630229419704,30.961969207840273
10.30798766099906,316.4687356321839,155.47620689655173,27.129445151268634
10.339184233998822,319.6013745704467,165.45716317099183,23.419283641595513
10.37174209099976,326.71537639334247,177.88776912505725,28.122142896978055
10.407650153998475,330.95740008783486,191.84043331869418,35.99754371178011
10.44028267899921,331.6169579769431,205.9383909755795,44.56305191257359
10.471183432999169,330.43909317713417,216.28972773619697,51.35911098556895
10.503629219998402,331.4636508887557,222.89504693429197,57.276228660985325
10.535047796000072,331.6789638932496,226.71698935984648,60.56603282761093
10.572266146999027,333.04701505158124,227.0260443091493,61.57870727601125
10.603582443998675,335.2222493887531,223.8436837815811,60.25995334622076
10.63580914999875,337.5854369740898,217.05998500374906,56.61958468503203
10.666912456999853,338.6089058524173,207.85606446140795,51.130547714618174
10.69996300299863,339.599072233267,197.18298542080845,46.120610707429
10.735418434998792,340.16254617789144,184.27810931135738,42.33075156611138
10.76819530299872,338.4742079078293,172.8540630182421,39.9332495788569
10.799374693999198,338.74397015443344,161.73373243102552,42.52731127817578
10.831789085999844,338.60627699903023,153.31728819536278,45.90824404417249
10.863202151998848,338.0674737237237,148.46077327327328,48.04329564973327
10.89994936399853,340.2152595372107,148.63914946841774,49.72196651120483
10.931261984998855,339.5876317249029,151.97642817526344,47.42788830635944
10.963929289999214,339.8401741293532,158.37080223880596,44.7719743799172
10.995179360999828,337.2245884307506,167.83038815888835,39.40801827324359
11.02797665199978,341.0930555555555,177.18134920634918,42.4505500279672
11.063540757999363,337.662471395881,190.32322654462243,41.5685895209928
11.096055148998857,332.52790014684285,203.13858296622612,43.43515357964258
11.126927440000145,330.5869391025641,212.08553685897434,48.22446068057319
11.159845730999223,328.15403726708075,220.2136645962733,53.195716391649704
11.190934991998802,325.84281150159745,225.62044728434506,56.628212454330324
11.227945790999001,322.97105151128136,226.7596849723286,56.33264777176439
11.259339013999124,320.16402116402116,224.04538054538054,52.69030233836898
11.291677616000015,317.5974658869396,217.4296296296296,45.60452598243193
11.323579290999987,318.00529411764705,208.52254901960782,37.89018263985366
11.355555469999672,317.12329832749896,199.2277323998444,29.71642142915275
11.391555151998546,317.7298177083333,185.47287326388889,21.31807716462774
11.423415085999295,316.96681096681095,173.82395382395381,18.428430305287563
11.455020208999485,310.23573131398115,164.5192820081335,16.262781780984987
11.488015892999101,309.20741922616673,155.36511102247042,23.122976531843744
11.52350552200005,308.92895461794984,149.80237784544002,28.084778254355165
11.555931139999302,309.0529201734251,146.5195103289977,31.204542741534205
11.587075077999543,310.96331347119985,148.22152120574833,30.328530125182272
11.619943769999736,310.45939607153326,153.69920844327177,25.179038069380383
11.651060861999213,311.8322178843651,162.44246142405652,18.861279241727335
11.688051539998924,319.3856713856714,174.03188903188902,20.812988289398376
11.719348922999416,328.1149551528464,186.54878272011715,31.305744150529986
11.751963583999895,322.85830164765525,201.89961977186312,35.48651186963577
11.783289260998572,326.37424986361157,212.48977086743045,45.86651784902655
11.815825435998704,329.8127910161599,221.4205697069296,55.124394320506525
11.851330021998365,330.7680319955868,227.61701834229757,60.83687935388425
11.883901625998988,333.1663063842052,229.52687707162414,63.73312722318245
11.91508900199915,334.8268467037331,226.21736828170503,61.93176314768493
11.947898834998341,339.0958219800182,221.6198910081744,61.00341405396513
11.978849682000146,340.8065785332074,212.79713566257476,55.98692862040206
12.015692264998506,343.54462822232153,203.31455818804946,52.57183211469449
12.046897274000003,347.9164439693568,190.15962943167645,51.26657533978342
12.07991368399962,345.22693635915147,178.28646604176942,46.62530201892704
12.110836324998672,342.48815947242207,168.06954436450837,44.52912368330041
12.144051273999139,342.60265857535035,158.95867649183643,47.11011006841914
12.179084546998638,341.68856140350874,152.57431578947367,48.9641443057602
12.21181518099911,341.7276995305164,149.77728873239437,50.39250211814403
12.242904902999726,339.4822110245839,152.6949152542373,46.97727033951511
12.275634170999183,339.33058356248085,157.67384662389244,44.584742790490424
12.3068479199992,339.30953561394807,165.4992563212692,41.96906663608952
12.343757041999197,343.0988226211156,175.37019880331982,44.44192889246973
12.374651537998943,342.17623840536805,187.01164397079137,44.901385813982856
12.407454517999213,338.68740822320115,200.69199706314242,47.060341078333174
12.43871621299877,337.52276632302403,208.99849656357387,51.01917880148468
12.471552115999657,334.49181401440734,218.07662082514736,55.309550898077596
12.507027812998786,331.7542528735632,223.87287356321838,58.24512676938169
12.539934376998644,329.86880142317096,225.9355125639315,58.934171403220176
12.570846594999239,326.9647058823529,223.77750257997934,55.58141736400889
12.603820066999106,326.4609571788413,218.97061293031066,51.22757192273162
12.635166127000048,324.36036036036035,210.65514351560861,43.19066960645231
12.672092267999687,322.32505773672057,201.59353348729792,34.89948223555254
12.70269165299942,321.8490066225166,188.77152317880794,26.50061049640934
12.735860279999542,321.3911739502999,176.65702656383888,22.741814940409043
12.766630627998893,318.4712825933756,167.60870331219166,21.49230148330426
12.803802647998964,312.10153669395373,158.31437598736176,22.167911669598073
12.834963816998425,310.0927946127946,151.1884175084175,27.266626157407888
12.867352599998412,309.28054298642536,148.08158508158508,29.816506680800554
12.898972928998774,309.2040816326531,148.5583270345175,29.34396127266753
12.932183816999895,309.6619064205271,153.2707535121328,25.200105236037448
12.96669458499855,311.9213913043478,160.9223188405797,20.036473416799474
13.000004044999514,315.14457671957666,170.18809523809523,17.4595913822536
13.031200521998471,319.35890369009337,183.73909049150205,22.117970342816726
13.063805810999838,319.8973183270807,198.17924135056273,30.748394654774792
13.09539200799918,319.54642058165547,209.5998322147651,39.610886692792626
13.13193990199943,322.72579757975797,219.49298679867988,49.75705046984625
13.163301823999063,323.76062908170064,226.32400373184058,56.2875690242319
13.195977403000143,323.68869477149,227.25585517154067,57.09158135397295
13.227000224998847,327.0452287581699,226.43346405228755,57.922428596926686
13.259563884999807,331.5615361803084,222.48813760379596,56.99958498244303
13.295164323999416,333.26383981154294,214.32862190812722,51.6804240593613
13.327580825998666,333.44677206851117,204.37826086956522,44.92951675960524
13.358929818999968,343.66975813784325,192.79614475359156,48.06105879898627
13.391685834998498,340.9367760617761,180.79375804375803,42.55360905239541
13.42297527899973,338.99972394755,170.6728778467909,40.681903073733686
13.459804585998427,337.9828857293312,160.98788836229593,42.07005308061241
13.490903895999509,337.9013848090642,155.53322142957055,44.23105901124218
13.523786449999534,337.87957894736843,151.3204210526316,46.30750818701789
13.55493492200003,339.74466151749203,152.6219900045434,47.24146630307365
13.587627651999355,340.44760158875647,156.81637641307668,45.956180027718375
13.623060751999219,339.9189513108614,164.30696629213483,42.86773720983552
13.65572467399943,340.4493838714709,174.03462798315397,41.832340272411386
13.686868162998508,345.38171055317406,184.4870381710553,47.49600021251124
13.71964194299835,342.3230112119594,198.2487987186332,49.03030534353117
13.750674166998579,339.5332592180841,207.22364276449878,51.469161605704464
13.787659869998606,340.97915323447234,215.35826348592303,57.83121955788385
13.818565206998755,334.53600764087867,222.3784145176695,58.6798422692459
13.851673464998385,332.3694824961948,225.6841704718417,60.08748740064638
13.882959466998727,327.5334044065387,225.06236673773986,56.977046099144886
13.915760406000118,327.24763464337695,220.65647743813682,53.07111759023862
13.9512651189998,324.0346543146337,213.2400068622405,45.11024671127212
13.983525264999116,325.5457740291688,204.28044280442805,39.062034426312245
14.014703858998473,323.85831989969546,192.39476983700519,30.093145047326374
14.047699966999062,319.6507193621078,180.57566302652106,21.495359003418134
14.078811762999976,316.06160714285716,170.39136904761904,18.26506872412658
14.11571964399991,311.80176719170186,161.9049814316814,19.228824403268852
14.14681396099877,308.4324605153782,152.99584372402327,24.9408663736259
14.179642204999254,306.9325954731279,148.1934390268222,28.95594009716515
14.210843263999777,306.16581001332565,147.5300780506377,29.38714477397435
14.247758644998612,304.1034668099973,151.66505419690046,24.880273433615137
14.279168443999879,303.80381944444446,159.25270061728392,17.464484950981984
14.311173455998869,304.55249745158,167.9004077471967,9.96959296710396
14.343043905999366,305.5436743674367,179.26622662266226,7.643490758088161
14.375648405999527,307.8442146089205,192.58942038353803,19.01192173808413
14.41100703399934,308.3850697627049,204.40594765251043,30.078620628100857
14.443478344999676,311.1432777232581,214.3038927052666,40.34105272973017
14.474955536999914,311.03164763458403,221.67623708537246,47.377228132482266
14.507468290999896,312.6329815584692,225.15829868883915,51.160583738889
14.5387646399995,315.33355041788775,225.11353522196893,51.920719756791044
14.575629544999174,318.696725891161,220.51134204939098,48.865252936191524
14.607223997998517,320.75973377703826,213.52013311148087,43.59401000507245
14.639255699999921,322.9421926910299,204.72912513842746,37.65974271105394
14.670858406998377,328.79248922169273,194.33537553891534,35.301886971936035
14.703269093999552,329.42772651999053,181.15767683936596,31.20598428549176
14.738921704998575,329.75129384703854,170.80237684493002,31.512776981638954
14.77173689799929,331.9537839399191,161.65145388022336,36.230876805239696
14.802827396999419,333.8924298679868,155.24690594059405,40.86071629791485
14.835609235999073,336.15500736377027,152.5108001963672,44.21408015707457
14.866564639998614,337.35221579961467,152.26127167630057,45.363549100212914
14.90348043999984,338.7401709401709,157.03561253561253,44.31535439681925
14.934794816999784,339.80909681611433,162.79363222871993,43.19835348004114
14.967144809999809,342.443032427695,172.29301782062515,43.9343039472153
14.998857533999399,346.65101242130334,182.64267483409904,48.45587129402249
15.03114457799893,345.0247678018576,194.26384588923287,49.8528135219584
15.066520030999527,340.06385185185184,205.50355555555555,50.87313960149813
15.099471288998757,338.1604399158984,213.73136018114184,54.66464465332132
15.130684399999154,337.92852594715055,218.8691499522445,58.17777511970418
15.163623618998827,334.59871614216377,222.72397056521058,58.991854674470254
15.19467469799929,331.6514041514041,222.76007326007326,57.273579755258304
15.231597702999352,331.19703291608715,220.2704373358059,54.98700734022201
15.262476516998504,325.4212308598351,213.59305064782095,46.1918062321417
15.295598579999933,325.2995818399044,205.5619772998805,39.83640637493247
15.326458671999717,327.3093385214008,195.14348249027236,34.488000946833516
15.359352158999172,323.24881244881243,183.14479934479934,25.621312979954283
15.394783844998528,318.20416496529197,172.3483054307881,19.87136590596241
15.427342389999467,312.3310060298318,162.753517401883,18.995643362060004
15.458990071998414,309.1957341269841,155.19375,23.270312607525902
15.491480380998837,307.44387291981843,150.29853756933937,27.106606881102923
15.526779662999616,305.4496166989932,148.73436778424306,28.04252362017556
15.559794343998874,304.0356482703987,151.1996303142329,25.320144930493544
15.590563546998965,302.449264069264,157.3921212121212,18.93349580375466
15.623406809998414,301.6303374141535,166.2030456852792,10.182331938813778
15.654711528999542,300.01826209110976,176.93297210515752,1.680470418521208
15.691616672998862,300.1113418372392,188.3910807871057,12.532655233514333
15.722705286998462,301.00749583564686,201.2082176568573,25.37430827083365
15.755304309999701,302.712962962963,210.0787037037037,34.37571923635288
15.786682865998955,304.4724594992636,217.92322042218947,42.38093794877703
15.819337340999482,304.71696717521957,221.37660656495606,45.835812508636295
15.8550193079991,306.05422873807834,221.3978876014818,46.05260184375234
15.887753123999573,309.9416936219623,218.64493655138094,44.16725500534227
15.918600237999271,313.1730983490327,213.1299503696951,39.91874759047951
15.9513896569988,315.9990360516676,204.6291690765375,33.51920062803666
15.982392669999172,320.16047927715573,193.99666077391473,28.074756079929184
16.019473093998386,321.5195858981533,182.0499906733818,23.66079824758701
16.05040597599873,324.60887541345096,171.76644615950016,26.282216203744078
16.08337864099849,325.6914866581957,163.00728504870816,29.966551997415063
16.114349724999556,328.445466155811,155.95521498510004,35.869737152802394
16.147536942999068,330.23225,151.3818333333333,40.00006690868429
16.182918019998397,332.1289525270604,150.6618085741072,41.94346467971907
16.215388539998457,333.3975738937297,153.86921236972492,41.156974378047295
16.246573471999,334.3930572982016,159.95826014219992,39.144750099717804
16.27906807399995,335.3041958041958,167.99841824841823,37.49487642282995
16.310632370999883,338.58391510751187,177.93800614353532,39.973165198253284
16.347671222998542,338.4645419050213,188.6417869790248,41.78064953052891
16.37855790699905,337.3494049170358,199.11293545304488,45.096407134234155
16.41129042600005,336.107957105524,207.5797963413535,49.02257898124024
16.442476424999768,333.9436533052039,213.66148030942333,51.64884567203616
16.475332495998373,332.35128071092527,217.03188708834293,53.13554717279913
16.51066162299867,331.72988202148264,217.84513118506777,53.3797178379474
16.543442894999316,329.3440888422525,215.1786463798531,49.80902418479378
16.57455533799839,326.61649705409747,210.3252990537404,44.31363099648731
16.60718227199868,324.0475674699882,202.68155970755484,36.8709491515125
16.638648699999976,321.3081298678568,193.0988885971821,28.41209320009819
16.67531833799876,318.144810217665,181.9266954488217,20.38243494165232
16.706449043998873,314.45728471152194,171.31039205615477,16.461892833788195
16.739273152999885,310.70179948586116,162.55059593362935,18.009408479041394
16.77049536099912,307.7363334106549,155.29606433155493,22.5533128914151
16.803201232998617,304.4860715416271,150.79890788224122,25.809794609881504
16.838714747998893,301.66598282805256,149.3815819466606,26.730586323261768
16.871368705998975,299.6565858720628,151.33563116151507,24.62719559617861
16.902378176999264,297.8550787146862,156.37632089713176,19.582930092947052
16.935260587999437,296.1815019875071,163.77952867688813,12.413219820460464
16.970420689000093,294.53892047448585,173.81104793991716,4.6402512190321366
17.0032421169999,292.71865314173004,185.21653987038601,11.014128557028938
17.034460581999156,292.1405662909286,197.8058910359635,22.81470341507588
17.06742918999953,292.72810734463275,206.95840395480226,31.57799110401539
17.098448470998846,295.10660817491816,213.86588677668686,38.08937533077416
17.135289172998455,296.592026440818,217.85801831577496,41.96635200453007
17.16630371700012,297.6399328154524,218.9999300160963,43.06934760741727
17.19926030899842,300.1404450168133,216.92573513629534,41.00976709748494
17.230177695999373,302.23858093126387,211.69083518107908,35.926770646946856
17.26277165799911,304.1789659743703,204.14751804389454,28.739617133331016
17.298616647000017,308.8732281163232,193.8281455501973,20.59582776259238
17.3309581529993,311.4871976123154,182.1508796732642,14.250047860026216
17.362353788999826,316.0272284996861,171.82752667922156,17.84754633951012
17.395159925999906,318.8528602246522,163.60916462099232,23.661016062488603
17.426356224999836,321.32072031000683,156.8790365473748,29.612570347496497
17.463092041998607,324.39437806372547,152.53967524509804,34.784031242059434
17.494247882999844,328.277397260274,151.26788432267884,38.54868645162241
17.526969139998982,330.6885245901639,153.3137073808974,39.21555127309847
17.55823357999907,332.71610365571496,158.63743637205,38.20013081426124
17.591166723999777,334.1108543255527,166.1227948540174,36.78521403780265
17.62654387099974,335.20838532568007,175.80708759670577,36.548055764357876
17.659166734998507,337.61652061019146,187.25868224602402,40.56620742440901
17.690252242999122,337.9544092128096,197.35029184413943,44.74696497775114
17.72291495599893,338.38975519785373,205.4133970489604,49.466459118535376
17.754132872998525,337.5461080813089,211.71955048752272,52.84003065683605
17.791310671998872,335.9391763637864,215.24123132788642,54.16705628918452
17.82215473999895,334.0840216937839,216.04922820191905,53.510331166885095
17.854905409998537,332.63490847169004,214.3917411664538,51.30872641694317
17.886174123999808,330.0653512100514,209.5108356522472,45.968258811703045
17.91915087599955,327.13606329334027,202.82707355242567,39.161509547308725
17.954435469999225,323.44013605442177,193.93835034013603,30.62467273540465
17.987170407999656,319.0173913043478,183.55984654731458,21.735247515041205
18.01807839399953,314.66535336124105,173.3201181974883,16.21821673440018
18.050771286998497,311.2805902383655,164.70881573968973,16.895688352602825
18.082377811999322,308.6779034690799,157.56478129713423,20.930690926372822
18.11935752499994,305.3328216374269,152.4719298245614,24.400713064722567
18.150298189999376,302.00487769887377,150.67685244960904,25.48619711657461
18.18302247199972,298.67270429654593,152.30728727885426,23.63539349029894
18.21421446899876,296.19129603060736,157.09803921568627,19.00572983946947
18.247238244999608,292.935835675097,164.0038806369597,13.24037704371578
18.281864756998402,291.25888324873097,173.2566054926461,7.8740151391183515
18.315025643998524,289.22617635429026,183.80829049690257,12.28315341225336
18.3461502859991,288.8884758364312,195.37057001239154,21.747115718302457
18.379008452999187,288.0085794094174,204.70477520617183,30.671214432363954
18.41406441899926,288.7724279835391,211.85987654320988,37.25346624399025
18.446869878000143,290.1621041331186,215.9881239935588,40.9372920745796
18.477993368998796,291.64091675092686,216.94472531176268,41.598600924449556
18.511004517999027,294.4949782844734,214.92582790445167,39.205079385163984
18.542210246998366,296.13677896352095,210.29001883239172,34.43993935411381
18.579157483998642,297.46002667228186,203.39889099459535,27.48244860908489
18.609929328998987,301.6757303214111,193.69678588858676,18.008317077564737
18.642875061999803,305.15692240817214,182.81373614431647,9.455892099744585
18.67417452799964,310.09023777876234,172.9093191552208,11.825325203418435
18.706778354999187,313.9097341337907,164.55460263007433,19.03220748819788
18.742535544999555,318.18726431874774,157.9470651013874,26.554348604904405
18.77479311999923,322.2797490263955,153.7644598297995,32.39966729463551
18.80631832600011,325.4794938917976,152.60085805700987,35.55410844067905
18.838969609998458,328.1653674029161,154.46679659304172,36.493093645401295
18.87027842199859,331.7938724938049,159.2787414582864,37.0877576826449
18.907273981998515,334.98571211430306,166.4326645386837,37.54937408977232
18.93801799999892,337.9802809958097,175.4139347629611,39.32325483543687
18.970975111998996,339.2083543029693,185.50620701224625,41.66032893959639
19.002038415999777,339.92949775996226,196.83313683879587,46.2551053288999
19.035208281999076,340.11346153846154,204.64647435897433,50.420722362836585
19.07045392799955,340.39771547248176,210.44540298745906,54.151883094416576
19.102884088999417,339.70159416806854,213.64904269806937,55.732707811719614
19.134080103998713,338.2021937253004,214.6480361319461,55.332123629656
19.16690483399907,336.05006875353877,213.210628488231,52.79085098520057
19.19822499699876,333.48239906573235,209.24457791124456,48.18273101921537
19.234966302999965,330.9125289639192,202.68917576961272,41.89944276130035
19.266069551998953,327.84202792064656,193.6797289574659,34.14908239893509
19.29897773599987,324.08354451765496,183.01579658726135,26.388559671312862
19.330072320999534,320.39369501466274,173.83064516129033,21.835496851599974
19.363015949998953,315.39965907329923,165.58647140864713,19.683692238184992
19.398313281999435,310.5726227795193,158.871697268249,20.816222257821234
19.430918570998983,306.79605404246195,154.16927585960397,23.243643138562284
19.46180123099839,302.7499293186316,152.14638111393836,24.145113343264327
19.495132457999716,298.9990039131981,153.37730345072927,22.567911804616614
19.52627883199966,295.31669439822514,158.05934553521905,18.19327199811068
19.56298201199934,291.3011242154631,164.68977170839366,13.445798512335259
19.594159664999097,287.9558643236616,173.77394087998908,10.922196663854898
19.62702728399927,285.062980963953,183.69805589307413,15.653773357858293
19.65788743599842,284.1906689801427,194.8752650857914,23.828999615822543
19.694866634999926,283.577690029615,203.54656136887132,31.4558102442724
19.726306352999018,284.7278721278721,210.28924408924405,37.064902591346446
19.75851467299981,285.3835936457082,214.47343478841276,40.75411194109744
19.79026868099936,285.9880711686211,215.61558161477285,41.647710808064595
19.822823326998332,288.11936249576127,213.91414038657172,39.40747734564671
19.858186215999012,290.94893674657993,209.3565623730191,34.29223162577016
19.890892659999736,293.2754893964111,202.66449157150623,27.259026965699782
19.922044166998603,297.03711411723896,192.91286853971556,17.047669150347456
19.954730592999113,300.6970411663808,182.83740708976558,7.1891907479502155
19.985893688999568,305.25966368202666,173.48853461454465,7.040646939851924
20.02283774099851,310.2053461175274,165.21224667683592,15.761464048543795
20.054080128998976,314.9189964157706,158.61326164874552,23.762254284024525
20.087024520998966,320.03655913978497,154.5584229390681,30.236051133743974
20.11828577599954,324.4579846957019,153.38890080812413,34.26629369822849
20.15074303199981,327.8424738316379,155.46867167919797,35.647830028155376
20.186358666998785,331.07504917536687,160.28393100317749,35.99852898441459
20.218932774998393,334.71010170528405,167.64410797583542,36.992353215498134
20.250009412999134,338.1119257086999,176.29545454545453,39.45292188009273
20.282906782998907,341.45177198261445,185.92527582748244,43.94016710709152
20.314209272999506,342.67047572736845,196.33989788475566,48.50688013201657
20.350824233999447,342.88331303288675,204.19683313032886,52.4780651614794
20.381822676999946,342.7297991967871,209.80040160642568,55.5737479087942
20.414711343999443,342.3124651533253,213.06395858223814,57.30162720925266
20.445958288999464,341.7447440218263,213.65310544053924,57.256628089276504
20.478826140999445,340.4018631024706,212.0575941676792,55.19621200398918
20.51401703099873,337.8265247173393,207.98110093257407,50.6007085634903
20.546698893998837,334.50126665032275,201.9154204461878,44.262152119970935
20.57801704999838,330.84917304369293,193.66131819303877,36.74310377766704
20.61098699899958,327.6714755758036,183.41778452712393,29.95845827753504
20.6423387119994,323.7765066732985,174.10478322142086,25.183081117838793
20.678999245999876,319.01906976744186,166.0065891472868,22.653783717980232
20.709969309998996,314.0375468379597,159.49078534832145,22.519232595410475
20.742503618999763,309.20584535701073,155.3086200517943,23.172546949774954
20.774320662998434,303.8958288307759,153.61350046826595,22.934689296254735
20.806864319998567,300.0119658119658,154.98027065527066,21.005921739757188
20.842190079998545,296.14429623454214,159.11963318049186,17.010188563371784
20.874673770998925,292.18481435127245,165.34619663468223,12.418573379818305
20.90570889099945,287.82441098564055,174.23030809981876,10.970633150959928
20.938658387000032,284.53296364756625,183.95467926336687,16.24135905305705
20.96986090199971,282.1743769926475,194.68950484742012,24.964744233935818
21.006491961999927,280.68140999865966,202.9115400080418,32.41249957914766
21.037826990999747,282.4812855183226,209.23979358547257,37.019826224474585
21.07064758099841,282.3098337672742,213.0951999465919,40.59133959113387
21.101579111998944,283.1924817032601,214.06054557551562,41.13677129556115
21.138850624000042,284.1231513664554,212.49124241804674,39.333629993011485
21.17002336799851,286.54061117812626,208.1503819863289,34.41264140243604
21.202716575999148,288.2713846565089,201.57838813151562,27.660893941047515
21.233977096999297,292.34330632315255,191.7461735577256,17.019354949286562
21.266643367998768,296.52205778717405,182.1386187455955,6.554614236715861
21.3018568589996,301.4247057134654,173.06201550387595,3.992317556302961
21.334690550998857,305.7315989392962,165.07948111517234,12.96180283747653
21.36581953699897,309.89775312855517,158.94489476678044,20.376424098171263
21.3986744549984,315.8027981811822,154.98153200419728,27.078132034768366
21.42998309199902,320.7144062434086,153.93292554313436,31.15766988672381
21.466910663999442,325.8859348198971,155.80131503716407,33.86582901387204
21.49787580299926,330.4391369047619,160.73846726190473,35.228463270561775
21.530738932999157,334.03848813090576,168.08358300683722,36.24033217795736
21.56199495599867,338.00227198961375,177.0777345017851,39.358061410517834
21.594795001999955,341.2166994750656,186.86523950131232,43.93547052657875
21.630237693998424,343.5186323170251,196.12502954384306,49.18914604591308
21.66284108599939,344.8005853504192,203.8316722037652,53.91378312757098
21.693787915999565,345.61708784596874,209.3863618130766,57.648881496439195
21.72656688799907,344.3810879190385,212.3050284629981,58.417337340260055
21.75795472399841,343.6531132902814,213.11456589332695,58.361607499321835
21.794866404999993,343.215995471454,211.48043021187124,56.99225217877633
21.82589888899929,341.2157203074634,207.2396065790561,52.824593086869086
21.858745333000115,338.2752677780462,201.0852863010389,46.91986969073885
21.889931648998754,334.40700896495514,193.1276283618582,39.66269831292238
21.922662716999184,331.0683480453972,183.29029003783103,33.2302688465243
21.958085503998518,326.52807766340277,174.1708929617541,27.923763841544258
21.990566767999553,322.03378755279306,166.4676866682604,25.22067079422548
22.021822459999385,317.55010224948876,159.8026963568886,24.84578448422785
22.054759526999987,311.7405937683715,155.23831569664904,24.489943575835444
22.085916786998496,306.98734825215735,154.04036858271172,23.431734774155995
22.122862370999428,301.4657864849517,155.72054230550822,20.415776636776265
22.153883427999972,297.3274841286825,160.14330551394536,15.855513478901472
22.186661815998377,292.97614469842625,166.2952360606708,11.197586630182672
22.21769514799962,288.52900396151665,174.66121958121107,10.21229600187169
22.250692079000146,285.2051554422491,184.11592663409107,15.743267696763755
22.285957215999588,282.8083820662768,194.31260558804416,24.264098283648917
22.318455996999546,280.19250437357016,202.59884268604495,32.4287062796945
22.349734544999592,280.334217145965,208.8118838806173,37.63296869052242
22.382623081999554,279.909756097561,212.44668021680215,41.03822169674537
22.41785105300005,280.6869860686374,213.14814814814815,41.31945246159084
22.450524578000113,282.23706600795936,211.50960614793468,39.175735465325985
22.481843067998852,283.7810397553517,207.03343527013251,34.4678975088226
22.514492884998617,285.56461475743987,200.6992797934502,28.007029171358376
22.545778632998918,289.11290551069555,191.34424139396515,18.12087950811593
22.582732502,293.20206362854685,181.98853539696188,8.145416410311718
22.613908616998742,298.0890890890891,172.64500214500214,3.346829379130498
22.646253505999994,303.04562737642584,164.7528517110266,12.018354123048216
22.6777012249986,307.6246856663873,158.7757055043308,19.366468550168875
22.710553554999933,313.29948522671174,155.08476130033142,25.482350551055976
22.745816288999777,318.7217403276882,154.04034145669831,29.701219532078518
22.778483342999607,323.71822413175795,156.23530254206943,31.87892892742084
22.80978777599921,328.17151267140497,160.96697537511665,33.093303591016
22.84247590799896,333.35082212257095,168.17944693572494,35.54828512267484
22.87373455799934,337.6718184013523,177.09909039684453,39.028373372335686
22.910747445999732,341.37559595959596,186.87587878787878,44.09203310608205
22.941488978000052,343.4234027936799,197.18311579268757,49.54660856423743
22.97439405499972,345.51957997789356,204.44291804831832,54.845505561541614
23.005406573998698,347.02839883894245,209.45799011532125,58.844897520084785
23.038487529998747,346.96576032225573,212.38074211790223,60.507213482967536
23.074043597000127,346.03403285388663,212.76271319657312,59.9996579180925
23.106596359999457,345.2504346451715,211.13529318792476,58.38779532843021
23.13789572999849,343.6477189558429,207.26941530454582,54.8197689350375
23.1705783769994,340.1889102256361,200.8496559449512,48.42478383293616
23.201860934999786,337.51016309150793,192.6007069976701,42.270320133777915
23.238655782999558,334.067445206059,182.65490395193365,36.037480618580936
23.269651651999084,329.5489473253051,173.70705333005654,30.969165079312145
23.30254142099875,324.91287616408835,166.0668052028015,28.04845546896579
23.333746456999506,319.9031209854152,159.76022066047003,26.704258393634955
23.366684317999898,314.7733422539399,155.66012488849242,25.903725981279912
23.40188494999893,309.5348033811099,154.08893789048142,24.409724551074476
23.43473196099876,304.7083786724701,155.82618788538264,21.005928130471972
23.465189544998793,300.20259052526114,160.45892371547157,15.56034798315124
23.498228608999852,294.77650944073514,166.67937396798047,10.0446407480089
23.529731071999777,290.1228978007762,175.32557136696852,8.55995653500008
23.56687189100012,286.32749155405406,184.5234375,15.024464602197456
23.597543525998844,283.7614438394838,194.6141695234254,23.88742135083037
23.630474866999066,281.09692286837463,202.56513487867696,31.894158054212692
23.661756981999133,280.8002746309646,208.66797116374872,37.281837149067144
23.69444459999977,278.9652588078728,212.24697065209776,41.302631985058675
23.729766961998394,279.29462094115996,213.1301634055684,41.92790846218009
23.762331238000115,280.11752316764955,211.17579331648412,39.81478915488377
23.793469513999298,282.70964621337754,206.693407960199,34.641589700539456
23.826438104999397,283.9676658340272,200.16652789342214,28.331549171071547
23.861879279998902,287.5742667244617,190.82928767519144,18.561183250018736
23.894329491999088,290.89456005841544,181.57144943410003,9.591358304592234
23.92547722999916,295.5467599679277,172.52970333114658,4.619986543382612
23.958308080998904,300.8729581282545,164.61352450246093,11.543150501017251
23.989434950999566,305.8995242093479,158.66638678981246,18.731591601413612
24.026462892999916,311.20429417219486,154.65347029032026,24.709817657647253
24.057672401999298,317.46780064398706,153.67492650146997,29.147285457565147
24.09029446599925,322.59176265270503,155.88593368237346,31.22458055205416
24.121359304999714,327.23524379811806,161.02516395779867,32.23419868324277
24.1543186229992,331.46153846153845,168.28072502210432,33.683947566279706
24.189632700999937,336.20118297143745,177.06942174488285,37.557507144663134
24.222499712999706,340.15129063097515,186.630815806246,42.845248002869035
24.25363071099855,343.19392992635574,197.04135981551735,49.27853030019631
24.28623542999958,345.43108752499614,204.42754960775267,54.76192293370383
24.31744770899968,347.00271633682576,209.95436554132712,59.108010913369775
24.354391124999893,347.85564853556485,212.95033317836663,61.56071173516363
24.38541596899995,348.0459636024265,213.33558873852851,61.94469958140882
24.418452903999423,347.57581453634083,211.3484492481203,60.38434173071961
24.449653765999756,345.5539204050953,207.08869372576945,56.29440105573913
24.482234413999322,342.792801401497,200.9515846472368,50.72571635348971
24.51765790999889,340.07661492238356,192.62034718744783,44.647872518748514
24.550802125999326,336.7971963401326,182.53949466968857,38.70296394956107
24.58151919299962,332.9583021845668,173.47960794085887,34.3860492888867
24.614351468999303,328.73498674153797,165.79893932303852,31.739018630030678
24.6456816359987,323.74347332576616,159.4821793416572,30.001658096054523
24.682834850998915,318.1095849283194,155.55490505141483,28.17667515508752
24.71360442399964,313.2071352502662,154.27331507682945,26.09910943139568
24.746298485999432,307.70553300255597,155.91692978499472,21.973659988967118
24.77739469199878,303.0158108500145,160.4468378299971,16.096244233462624
24.81023456499861,298.37216100742074,166.63188666516754,9.315257113206057
24.845693665,293.4675430778372,174.98351158645275,5.280875230930823
24.87824039899897,289.12774049217,184.82781506338551,13.03152777956653
24.909451438999895,285.8049766056997,195.0604707216787,23.03815482716664
24.94209286199839,282.9542428105964,202.9739339849837,31.263043361253605
24.973489269999845,282.44494142705,208.83180688675895,36.66935765066362
25.01043180399938,281.65129641600225,212.4718092365151,40.29507685030669
25.04147269599889,280.8889868488722,213.31555359635587,41.383105455252334
25.074141997998595,281.5651382823872,211.704730713246,39.63809534886551
25.105509200999222,281.5375316684763,206.99290626131014,35.45864516868791
25.142308522999883,283.4350547730829,200.5827998292787,28.96467282244612
25.173391642998467,286.8609763270107,190.91265990295545,19.06124446571388
25.20631812799911,290.3629893238434,181.49184460260972,9.982148197596024
25.237494100998447,294.83303730017764,172.25954706927175,5.311830409794463
25.270040565999807,299.2428486734845,164.59352304728026,11.364081396161362
25.30552277499919,303.9316922191031,158.54055999424168,18.182912636262028
25.338151672000095,308.75794240430196,154.29378051369136,23.887893449400952
25.36946067200006,315.02973925299506,153.10331219168427,28.099572139549927
25.40203138600009,320.33996231944735,154.94019956737142,30.184427394593524
25.433515026999885,325.32205063112616,160.10640998519145,31.01001987614379
25.470687326998814,329.73131840255127,167.48293107197216,32.201832717456
25.50144029799958,334.31588970140155,176.62941803778182,35.66192150649118
25.53393555599905,338.80169679670155,186.8638598160482,41.60025710264954
25.56521801999952,342.7531863847653,197.25626030889188,48.9737342691554
25.598175925999385,345.3001379944802,204.683762649494,54.7841056872053
25.633520665000106,347.2221199570486,210.28301886792454,59.47673572746435
25.666221538998798,348.11611008039574,213.56586270871986,62.13978920416175
25.69732698899861,348.41687900548214,214.16207242683961,62.74082658057568
25.72997908099933,348.20811580446133,212.13747824711277,61.359773363595224
25.761359734999132,347.3895339461377,207.96379616190936,58.30834312476919
25.79802153199853,345.081005138086,201.66634553628774,53.07129976865756
25.82944867599872,341.5619377733762,193.0885532722621,46.200730048411714
25.86200517299949,338.57299363057325,183.1052229299363,40.55000284449295
25.893370144000073,334.7938629052215,173.84005609172647,36.19440665663019
25.92639473899908,330.797183989875,165.73216263249483,33.71966583442464
25.961502524000025,326.6337159365971,159.19481533536347,32.603483960865844
25.993961778000084,321.7004462911665,154.92913204062788,31.18340085110171
26.025215918998583,316.35768645357683,153.8093607305936,28.338511906065357
26.05816189199868,310.8938384998086,155.3809414466131,23.925667875970497
26.08950003999962,305.8787948482061,160.14527752223245,17.368375317714595
26.12636461799957,301.94736842105266,166.3549498746867,10.135457322597357
26.156964894998964,297.3149489756173,174.60785230193972,1.895385049396437
26.190130829998452,292.75112665112664,184.1948717948718,10.149894562838735
26.221054353998625,289.73702396706364,194.47088663431848,20.5651258024051
26.253938468998967,285.6914533686378,203.06090026478375,30.059878089025517
26.28971649399864,284.48058575549146,208.95185267361882,35.926005933912435
26.321901379998963,282.46336633663367,212.54081408140814,40.022160796569295
26.35330567999881,282.1869125090383,213.37208966015905,40.894286137857236
26.386013064999133,282.6227042660882,211.7873463485177,39.268992423448665
26.417317657998865,283.45054200542006,207.68571213489912,35.198942117581744
26.45406035799897,284.61971830985914,201.42427684385885,29.093946521201467
26.485470814999644,287.4614433626951,191.78998609179416,19.40509907341886
26.51807381799881,290.782163397148,182.21870322224848,10.07263431168847
26.549269809998805,294.71966854283926,172.66236710444025,5.127497336237045
26.585960712998713,299.2290844361891,164.6586177540438,11.298371742504843
26.617291740998553,303.1003872505213,158.36632409889782,18.12843300933382
26.650162829999317,307.06924908028566,153.8998773714203,23.592175443819006
26.68128089899983,312.24649798313163,152.73010634396772,26.896107623875746
26.71382362499935,318.6047026872498,154.56203544882788,29.238670424885928
26.749393761998363,324.2275661951396,159.2619513964454,30.527321480489725
26.781941706998623,329.2099552818708,166.55934315666005,31.957960366479433
26.813288747000115,333.8206677511813,175.3736927724843,35.164690227901474
26.84590742399996,337.75671819262783,185.62441537851763,40.27709004769395
26.877185445999203,341.9562655789712,197.1793942140645,48.223587865258274
26.9142240759993,344.20240043644293,204.9391317901956,53.98936620117584
26.945013292999647,346.80699311518526,210.64407828575847,59.348666351136906
26.977960679998432,347.6918224654203,213.98791609667123,62.06047695525222
27.009222106999005,348.2097099426089,214.9569567240577,63.06528476389259
27.042083852998985,348.2102756305145,213.3068634340595,62.05847733409967
27.077536246999443,347.8225308641975,209.24610136452242,59.3802605033256
27.11001843899976,345.69380315917374,202.6843256379101,54.10397135258331
27.140919488998406,343.62676473074646,193.70386338659225,48.34684468408846
27.17393844399885,340.7547368421053,183.83982456140347,42.82852879638192
27.205328947999078,336.333744449926,174.11149481993093,37.71764135267708
27.242264957998486,332.32581032412963,165.83409363745497,35.15012277766523
27.273192411999844,328.5831759521561,159.17367012905257,34.30103930945408
27.305826008998338,323.87635406994735,154.9618539151965,32.802898846043945
27.337298574999295,319.5726851851852,153.31527777777777,30.810961096863387
27.36987139499979,314.39706672809643,154.47462182292864,26.61793384372614
27.405352684998434,309.4354851422716,159.13344368250964,19.96619404273003
27.437665605999427,305.2673364371478,165.64208118925097,12.237299704512743
27.469352135998633,300.49811814760267,173.98019963999343,2.688468424459835
27.502056712999547,296.311649139969,183.58506562321674,7.995222011895083
27.532785032999527,292.224381888591,193.17925230860885,18.399026213211677
27.569920917998388,289.0589690084241,202.3790091970013,28.1259769506158
27.601203555999746,288.09732016925244,208.72880426265473,34.445791885005306
27.633962502999566,286.3284944977757,212.73339576992115,38.802542422005544
27.665043996999884,284.4871914661683,213.85696488359417,40.47688412785144
27.697926947999804,285.45680473372784,212.5207100591716,38.88820083118063
27.733203574998697,285.64125309677934,208.1940382002717,34.780068397341786
27.76590927199868,286.08117730833135,201.97064641189965,28.908416706811536
27.7970550559985,288.2102201257861,192.97028301886792,19.978723388712215
27.83002394399955,290.59980965976683,183.23586327226582,10.870445814050894
27.861044901999776,292.4168197122742,173.2741046831956,6.790127958797139
27.898096109998733,298.07495487010436,165.23271328781098,10.72596358870185
27.929160445999514,302.1758395522388,158.58271144278606,17.712297118637192
27.96172298199963,306.4197394568337,153.5900493118422,23.661034061360535
27.99273770199943,310.62594167226075,151.7924218691728,26.95189620353132
28.029796340999383,316.5380878781188,153.43203061750202,28.74603415672157
28.060807822999777,320.8472769747408,158.04277996787852,28.507118625025964
28.09392010999909,326.8655889145497,165.23533487297922,30.169018160091262
28.12534467199839,331.8312309341248,174.42287080550744,33.20544872306583
28.157611509999697,334.5194784794219,184.2126138862708,36.80016804570275
28.193037445998925,340.366984570055,196.5122121423587,46.50300894833504
28.225735030999203,342.8062480025567,204.6510866091403,52.6594023209706
28.257020393999483,346.0339521250611,211.02784562774792,58.95087188412857
28.289835080999183,346.3396067630632,214.39507306250476,61.25256078467437
28.32088389799901,347.7571825764597,215.48632993512513,63.04107164518722
28.357996232000005,348.78867050175774,214.3382869926494,63.143076940590426
28.389044876999833,348.24521267581764,210.4930520250805,60.43479179809975
28.421582122999098,346.4696132596685,204.4364640883978,55.65608163883013
28.452779025999916,344.1204957945993,195.66533864541833,49.55388181150695
28.48576054499972,342.2191011235955,185.64091760299624,44.62511094382209
28.521034202998635,337.6143509127789,175.50828262339417,38.956191851386926
28.553752266998345,333.9993338329586,166.9487051378133,36.46531212211177
28.585484360999544,330.253574675593,159.85527729564424,35.453091474241496
28.617672862999825,326.0367871485943,155.1849799196787,34.35605731773745
28.649163970998416,321.7011687479987,153.02425552353506,32.498042302671905
28.686381906998577,316.7891480247501,153.81976836427097,28.60188901681431
28.716865187998337,312.49654154037455,157.41672495531202,23.122385811027264
28.74968650899973,307.33665716999053,163.75356125356126,14.961579300399187
28.780914869999833,303.3296233567223,172.02903459956448,6.0923359908744
28.81374017499911,298.67298919567827,181.5266106442577,5.583946770359523
28.849186531999294,295.13475676521193,191.49929610511498,15.95116969115736
28.88195620999977,291.3805248618784,201.13773787599752,26.22575599988755
28.912890979998338,289.6701746358575,207.58079768168992,32.890698479391894
28.94577493699944,288.3347899417356,211.99547684759276,37.502350483739974
28.97693372499998,287.0248161764706,213.77167585784312,39.5780763737313
29.013889300998926,286.4081428461479,212.62125760024628,38.67092537041818
29.044830056000137,286.30615858352576,208.8821401077752,35.180107183832106
29.07774318599877,286.4671087735345,202.7858068450339,29.482780588512302
29.108953709999696,288.73262635379064,194.2613567990373,20.83598546652085
29.14167875199928,290.2475059382423,184.07632620744258,11.70196872168186
29.17709023199859,293.18943011779686,174.51639605221266,5.654004954868652
29.209688838000147,296.3621254681648,166.0228620474407,10.182614593864166
29.241031925999778,300.5133182844244,158.8372460496614,17.2054766205419
29.27369454199834,305.3453976764969,153.6843908251415,23.240441170678455
29.309070249999422,309.64465551032714,151.5493743404191,26.75225482131302
29.34182439199867,314.39415464298924,152.16470588235293,28.512054977730664
29.37293006299842,319.87867620492807,156.40855553146903,28.84076088181149
29.405705252998814,323.4895557516916,163.19115916446012,27.91199038763063
29.436955621999005,327.86821171791337,172.0995104788129,29.459389364174722
29.473982751998847,331.95326362484155,182.66595373891,33.96476339599975
29.50497138799983,336.3362246062543,194.0705318420452,41.80996547094361
29.53772842699982,339.7883408071749,203.200822122571,49.34064308525526
29.56892550199882,342.6301558203483,210.15345249007026,55.71086624432341
29.601707763999002,344.80574001984576,214.66239218380275,60.23779533464776
29.636972442000115,345.6816,216.23314285714287,61.921707070098655
29.66962052300005,346.4113704645251,215.1003774747708,61.75324559918327
29.700882843999352,346.3707267464601,211.1713995149808,59.30700501166884
29.733691148998332,344.7498594716132,205.12013169517385,54.54856008204237
29.76496758599933,343.3777241656614,197.8346602332127,49.78836999849999
29.801732321999225,340.36040297853697,186.6238282961016,43.046046573794634
29.832809300998633,337.5906296007621,176.92595479345283,38.94246412438493
29.86545948099956,334.25474803747784,168.16442981345486,36.434130444676626
29.896732850998887,331.21498478493294,160.43350604490502,36.06000006995333
29.92965371199898,327.7604268491365,155.23411534701856,35.71618088631132
29.965028171000085,323.82701037613487,152.8375486381323,34.16425252872923
29.997278613998787,319.0225490196078,153.48521241830065,30.31414659243173
30.02870727699883,315.14486873508355,156.7689737470167,25.285621633198343
30.061473088999264,310.125,162.86089494163423,17.394422679711063
30.092983173999528,306.0786163522012,170.29915590863953,9.32076097324074
30.129901274000076,302.48087163103133,179.80044236913247,5.429269608121022
30.160751883999183,298.72309325494035,189.92030050628776,13.97776263233247
30.193042107999645,295.4521483599396,199.5712016519736,23.845359853264757
30.224812933000067,293.39283101682514,206.86003413801512,31.362909977754324
30.257276730999365,292.288193615158,211.60918716662684,36.23130169252961
30.292941625999447,290.8198924731182,213.4939120809614,38.36106886287745
30.325544964000073,290.1166909267346,212.9514798641436,37.982226099386075
30.356644612998934,289.870612471278,209.59361381823942,34.78000937887289
30.389256709999245,289.3545126353791,203.94440433212998,29.50761946410549
30.420705372998782,290.6698598130841,195.76915887850467,21.376177951309675
30.457471400999566,291.4174203536217,185.4938482848529,11.987002859437107
30.488782782998896,294.3288299353148,176.06190125276345,4.333391536424442
30.52152066799863,297.3895122145301,166.93665950505292,9.09527234650628
30.552750597998966,300.9014804639804,160.17200854700852,15.929081402870429
30.589409991998764,305.6089145564934,154.57944617207167,22.464794629948045
30.620733709998603,308.9586980920314,151.934455667789,26.123666230209864
30.6535491300001,313.24850365772556,152.1671469740634,27.894145347267948
30.6846956469999,317.6449635878578,155.4619655346456,27.926087239826053
30.717500675998963,321.790774064553,161.73707512139387,27.14415169392341
30.75281443699896,325.8725140991392,169.88898783021668,27.877167349341025
30.785467727999276,329.320751786269,180.1641814228021,30.949429106463814
30.816695317998892,333.45199496631875,192.13613146791027,38.37538829422151
30.849489169999288,336.5032355154251,201.60082768999246,45.72097065899572
30.88068086199928,340.2781746946301,209.2385342244757,53.297637499112476
30.917811908999283,342.64724325151025,214.20073411332874,58.29670087534041
30.948552816998927,343.7393460406012,216.4721059972106,60.61954810204163
30.981698289999258,344.1369594223373,215.84020092614392,60.497217707038175
31.01272909399995,344.60400883838383,212.6071654040404,58.779955904300294
31.045563544999823,343.3859093125305,206.66463513733137,54.260424409738306
31.08120345199859,342.37615686274506,199.00698039215686,49.426851274456396
31.11393447499904,339.8462629295962,188.70345345345345,43.117256274201104
31.144461519999822,337.2538704986742,178.40792062270123,38.67194605065563
31.177527363999616,333.9514595220375,169.57529149094518,35.86069865653232
31.208779418999256,331.2454894277084,161.57327128745203,35.61258333515091
31.245631547999437,328.8932472295304,156.24738898190225,36.08210773884612
31.276531791998423,325.24156611672004,153.25519166051052,34.94668491750822
31.309604456999296,321.5305278521041,153.159247547231,32.28187034939548
31.34068792799917,317.7460355406805,156.23101442346,27.437278284888578
31.37349855299908,313.80650980392153,161.96658823529413,20.608984270100205
31.40877257899956,309.4124493927126,169.02876180836705,12.782992791522261
31.441374824999002,306.21547709762086,178.14071628143256,7.868152749040938
31.473000814999978,302.4572927072927,187.70113220113217,12.356224035236497
31.505367613999624,299.5881292015084,197.65518937530743,21.73231489080847
31.536325676999695,296.81451480936016,205.43961708394698,29.554651005221825
31.573625972998343,295.1914376064218,210.51933836049622,34.75025786391726
31.604745183998602,294.23039333493546,213.05367299527356,37.37449047404352
31.63714299899948,293.433626159102,212.86391735806083,37.28939525579868
31.66856845899929,292.72044597474996,210.02500409903263,34.59610065478123
31.7014080559984,292.0370734102627,204.8476962108192,29.65418943789838
31.736874369998986,292.6541002094409,197.19985500241663,22.089486208713144
31.769374623998374,293.5819774718398,187.3702962035878,12.505306079574352
31.800569413999256,295.0930991217064,177.86900878293602,4.0543407710539165
31.833385297999484,297.9066304705495,168.75213886146759,7.229957795741761
31.86458692299857,301.2441988084039,161.48565380997178,14.686068881372213
31.901595018998705,305.25165314096785,155.43890892696123,21.53710201550281
31.932720987999346,308.1792871347713,152.03541379837844,25.732528643457965
31.96524224699897,311.92649150385506,151.7828430271727,27.562329164477617
31.996617795999555,315.81763122476445,154.59144608942725,27.390499436753824
32.03362183799982,319.446396797153,160.27394721233688,26.02996828742492
32.064310808998925,323.35092508340915,168.25492872308158,25.85951606144759
32.09720043800007,326.909249149458,178.22707492681383,28.340884227732868
32.12868245499885,330.9814311594203,190.15474033816423,35.307507356053094
32.16150926499904,333.88194601097825,200.280848184074,42.81227735542722
32.19681448099982,336.9665973985992,208.1208342953898,50.02783875980088
32.22951596499843,339.44642993508967,213.55028636884308,55.478083059645016
32.26050140099869,341.4617945226206,216.21047057043424,58.765968199295905
32.29308272899834,342.231156930126,216.16357388316152,59.296842860937254
32.324732248000146,342.3122362869198,213.32833255196124,57.4730736464829
32.36171437399935,342.027422597507,207.89167671893847,53.86484460610222
32.392606767998586,340.701800301372,200.61741613133475,48.7473776997679
32.425295329998335,339.95460881686705,191.24220247429864,44.03716824031297
32.45657723799923,337.04380201489266,180.08576434515984,38.60617589119525
32.48937977300011,334.210221550856,171.23816717019133,35.85957831397539
32.5247068489989,332.0318669615794,163.3614319652658,35.6641341532797
32.557160721999026,329.1698205947407,157.22945850741377,35.79103612747221
32.588234978999026,326.1106172839506,153.84065843621397,35.24207345770662
32.62137243599864,323.2180334557323,153.38555691554467,33.34504706359603
32.65230890999919,319.4231395538186,155.67627422243933,29.013978404345302
32.68957306699849,315.9253623188406,160.52648953301127,23.14587496158574
32.72060782399967,312.2935538592027,167.5528413910093,16.007726244973362
32.75351876399873,308.58828064764845,176.32819326651247,9.935181984857618
32.78454161799891,305.90270361895074,186.0573777438766,12.44007623438464
32.817426135999995,303.3436552797575,195.69353649545343,20.298463211246393
32.85259833799864,300.52610242409196,203.939687267312,28.059093300628703
32.88525511299849,298.7276564051638,209.27507447864946,33.33246430698233
32.91639574799956,297.2333333333333,212.19371381306865,36.279121520372684
32.9492210849985,296.0106356665842,212.38980954736581,36.5433391124471
32.980487090999304,295.32225830627027,210.2121742026813,34.431712013822114
33.01750968199849,294.9622594967933,205.57465877322807,29.861880168481296
33.04817386799914,295.0760790051207,198.25636023734046,22.599758522099012
33.08119649599939,295.3781725888325,188.7479695431472,13.219292934493595
33.112219601000106,296.61192893401017,179.6047377326565,4.196148183008069
33.14526558199941,298.56432089489937,170.7839552550296,5.159620419554563
33.18064608499844,301.4242424242424,162.98683889836704,13.24732358124603
33.21325542900013,304.48339540657975,156.79003724394786,20.01821174923755
33.244503549998626,307.97970679012343,152.7599537037037,24.985691787767088
33.277163336999365,310.5674748398902,152.11344922232388,26.63843552171361
33.312515663999875,314.2975305862043,154.31089094047886,26.6917288063215
33.34509061300014,317.61362465975134,159.5109983079526,25.084217098094445
33.37634696499845,320.91188352770786,167.09939781995578,23.94418633273157
33.40894466899954,324.1997209951174,176.35503371308997,25.542468661706426
33.440348076999726,328.3537309004598,188.07721406319538,32.0769406307993
33.47720276099972,330.8133960573477,198.40307646356032,39.22082387781456
33.50855543599937,333.90797168359495,206.60572483841182,46.718315540333855
33.54132901699995,336.39569396386,212.50772779700117,52.544663251356724
33.57242140699964,337.91404996562,215.64603865841545,55.831816148654184
33.60530475499945,340.1923047087115,216.08176246994026,57.75837772395269
33.64070044099935,340.2925120772947,213.7036231884058,56.20593105816406
33.67318423999859,339.6656199677938,208.7256843800322,52.498940409708624
33.70461282399992,338.65398938277474,201.67173758022344,47.55478138304517
33.73726187699867,337.64578781257586,192.76466779962774,42.45969496556789
33.76839436099908,335.7976282547048,182.0130617856836,37.62990614662064
33.805395521998435,334.03293010752685,172.7741935483871,35.51397425788252
33.83619234899925,331.81651673555393,164.78247832077153,34.98379794657113
33.869030883999585,329.55428894817686,158.36276174306732,35.54538830497462
33.90042195099886,327.22669594924355,154.79575402635433,35.541740223729725
33.93264570999963,324.1299697934525,153.76006204588128,33.775112096565024
33.968487080999694,321.0055920252857,155.8670070508145,30.038842599906108
34.00125976099844,317.90733189413925,160.2401055408971,24.839649518855335
34.03224650899938,314.42226148409895,167.00622581187952,18.11879523941275
34.065181897,311.69550112906023,174.98792774014242,13.06983887448428
34.09630399099842,308.7985196660642,184.31637834581286,13.149017531214328
34.13287958099863,306.37971161143435,194.15793911796945,19.783344666891317
34.16439484900002,303.64972621492126,201.64690280629705,26.1839408720574
34.19698826799868,301.69299805266274,207.56413512827027,31.766525229238383
34.22816262699962,300.1877219685439,210.64916286149162,34.74006727610455
34.261081186999945,299.24570707070706,211.43392255892255,35.49606790766831
34.29643275499984,298.2139177434338,209.64124651634154,33.70152891336804
34.329152186999636,297.5545715249662,205.5042172739541,29.582222389035035
34.360167697999714,297.7101594456966,198.93112947658403,23.008090277089273
34.39305748699917,298.1518118671018,190.01171646162857,14.078234935873404
34.42425952699887,298.7742861969927,180.78957594188208,4.848231823002993
34.46100865900007,300.2389553124735,172.1682353938777,4.091170938900409
34.492081096999755,302.21754126632175,164.676849798801,11.814010461952446
34.52495600600014,304.725418495043,158.84527872582478,18.141204569603833
34.55601727799876,307.12418300653593,154.74872912127813,22.821393741488055
34.58898210000007,309.9700480807125,153.27776464097107,25.329870234479113
34.62445880499945,312.8253103239479,155.16855888586133,25.143658554707738
34.65695208699981,315.8859343214182,159.9389712292938,23.512367255492403
34.68790414099931,319.10720268006696,166.93314398077342,22.34359040409708
34.72109259299941,322.2406914893617,175.66459810874704,23.581750048580865
34.756398445999366,325.3372497824195,185.8997679141282,28.474344586189485
34.78896622799948,327.8439488169276,196.1619844163271,35.50337052199547
34.820300743998814,330.54108216432866,204.2879091516366,42.659330725788
34.85299759499867,332.88514074409477,210.92559052147007,48.94001100085812
34.88432605899834,334.7480498049805,214.66471647164715,52.93110322875083
34.92130157799875,335.81093498736504,215.60854583046176,54.34638804440864
34.95235134199902,337.138045577443,213.57852452684432,53.82352871990316
34.98497251999834,337.2299094844549,208.87957497048407,50.71915119891562
35.016367339998396,336.5931451304414,201.8695585647617,45.946518575529176
35.04901975099892,336.18882072256304,193.505869878058,41.43470154201011
35.084384556999794,334.75146955090526,184.25660318206755,37.036111951862324
35.11693349699999,333.729186228482,175.0622848200313,35.079654486740516
35.14832931699857,332.09140412290935,167.24799688837027,34.54297907432412
35.18104098799995,329.8490149724192,160.81363278171787,34.66419489695608
35.212316473998726,328.0481376262626,156.4146938131313,35.28414138294059
35.24956354200003,325.5141732915763,155.3340560507508,33.85012111537286
35.28023242999916,322.9574971447218,156.8515255343449,30.900035921435936
35.31301572599841,320.294170330565,161.32112033870703,26.111340879866255
35.34408561700002,317.12652489284534,167.25873722387072,20.405928122810007
35.376985117000004,315.6878187442521,174.267870579383,17.109406809590208
35.41237917699982,313.0996358821582,182.8224097980801,15.994280790131452
35.444942857999195,310.8344268934791,192.08869987849332,20.221190753107397
35.476371696999195,308.44556733218303,199.9528387149782,25.927471722565965
35.50900754799841,306.3132781816662,206.00551516670845,31.021572686595693
35.540373845999056,304.2677304964539,209.63711583924348,34.157799824362336
35.57688281599985,303.22269825268813,210.49378360215053,34.85099474853102
35.60821528699853,301.8353443941679,209.01013909837437,33.2195142665679
35.641082580999864,301.43221177634837,205.31725218538676,29.505043048406538
35.67227657699914,301.02726236979163,199.08138020833331,23.259422520089743
35.70483829399927,300.92885085574574,190.77440912795433,15.00417628970239
35.740211624999574,301.49221260815824,181.79175937371238,6.498453202798471
35.77320356199925,302.1101537421861,173.61420848116234,4.161889029948823
35.803780227999596,303.05024540387654,166.0290325264121,10.842025306554058
35.836735975999545,305.2440318302387,160.25311470139056,17.014823233532752
35.86809102499865,307.0393474088292,155.88155790147152,21.740566948210468
35.90504101299848,308.9136593858816,154.22230136119023,24.018750204678117
35.9359009359996,311.06358121770387,155.63386504905262,23.796686369890523
35.96888357499847,313.5237464104263,159.7668802002798,21.96747839927936
36.000233423999816,316.1552157210402,166.22547281323875,20.0121540920778
36.03661202699914,318.9090440418324,174.61010458093975,20.292264622234665
36.06825450499855,322.59006569922747,184.3531152985344,25.364457329417444
36.10101695599951,325.5559279430247,194.55599776567516,32.70803217049724
36.132095997998476,327.0905144345561,202.80290861732146,39.1118027948826
36.16476676499951,329.04744852282903,209.47806624888094,45.25465723052803
36.200232923998556,331.4371817909554,213.5540581012279,49.88909192536692
36.23298453799907,332.78602102769133,214.7700281356434,51.69244429189705
36.26401009099936,333.43997240110394,213.28058877644895,51.02671523330471
36.296608466998805,334.4735498839907,209.01237432327918,48.74601083432389
36.32803460299874,334.29286914032673,202.30790960451975,44.32589997060307
36.365022477999446,335.2599954306603,194.58304774960018,41.07286851679721
36.39577723899856,334.48611761035716,185.37654032132272,37.046819468120354
36.42874124299851,333.0403346751914,176.2502959981056,34.38112980398552
36.46001402699949,330.9745451706098,168.5124541266495,33.15720882821242
36.492926831999284,328.8538704581358,161.46872037914693,33.4832818447459
36.52800079199915,328.4947316834109,157.3952462631708,35.129528233366194
36.5609105859985,325.69263963523855,155.58980622048526,33.83742847492019
36.592058883999925,324.184991708126,156.86757877280263,31.8646345606679
36.62485989800007,321.6475839475839,161.1071253071253,27.35865337773744
36.656235697999364,318.94585074137785,167.12632096338166,22.11832522611239
36.69303031899835,317.69585687382295,173.97500428008902,19.13670460757846
36.72395999099899,316.21764206955044,182.70474978795588,18.814250189761
36.756766825999875,313.6223945305986,191.36568284142072,21.487786081476692
36.788043448999815,311.86037513668094,198.80671208680292,26.400731685328484
36.820833166999364,309.91749427043544,204.92521857227737,31.09189239021003
36.85619854600009,307.5824045930429,208.34903748733535,33.61206765631226
36.888765257999694,306.1853173591639,209.63089472342594,34.51836648869088
36.919944540999495,304.98194092827,208.3832911392405,33.05076388367934
36.952732679999826,303.7374810318665,204.77415275670208,29.275055412695032
36.98374204399988,303.5735530207013,199.3001267427123,23.868550877325912
37.02078500099924,303.57563621193157,191.70237797246557,16.508359122893808
37.0519136039984,303.9496968144162,183.11162353744982,8.908901744359726
37.084679974999744,304.1528700391756,174.49182422074605,5.6806877893138745
37.11593902899949,304.9446262270325,167.75610369997483,10.320330259534858
37.148843303999456,305.6759019506301,161.29449335404797,16.241429445651647
37.183999684999435,307.31035366478727,156.9117546557321,20.904415711415965
37.216838120999455,309.1304422205115,154.99863142588316,23.415188768116913
37.24793030299952,311.26971622193986,156.13680643795,23.478986860560138
37.28055266799856,313.1777834351663,160.0606754921928,21.517136361548854
37.312151508998795,315.3515808947191,166.28943827783382,19.281454963908498
37.34890560999884,318.0322983583155,175.86928979300498,19.371856293439805
37.37968490699859,319.90988274706865,185.68827470686765,23.377542285657317
37.41270240599988,320.26771653543307,194.88494005816838,28.73460644472722
37.443864218999806,321.42065186450327,202.18033020210646,34.733776547168375
37.48075367899946,323.6484731735159,208.65146974885843,41.16138762725338
37.51196450199859,326.4189451022605,212.65812701829924,46.02771985455372
37.544902480998644,328.24485596707814,214.2117871840094,48.371004378712236
37.57593522299976,329.76769911504425,212.87994100294983,48.29093306176652
37.608830370998476,330.69485903814257,208.94459520578923,45.99262469428979
37.64406399199834,331.07034557069187,202.9398907103825,42.18106621582863
37.67662425799972,331.50511060259345,195.98291380625474,38.47563104922381
37.7079528739996,333.65750816104463,186.83705114254624,36.6534074676425
37.74100967599952,332.9603588757667,177.71051908816258,34.34530565366879
37.77204179899854,331.3800468872102,169.0723278631588,33.4329949199365
37.80896332999873,330.5896272573614,162.47433502357438,34.65343047142378
37.839959145998364,329.5891957616814,158.2900816397429,35.611702467635
37.87265614899843,328.1239711934156,156.70773319615913,35.186282067746234
37.903843434998635,326.21413502109704,157.6961146272855,33.04747187795589
37.93662392199985,324.3725597021701,161.35013166258057,29.564306918491283
37.97230703300011,322.08419243986253,167.09649122807016,25.038382210600442
38.00477643499835,320.1919136480058,174.8430296377607,21.559394891990564
38.03578076699887,317.8311087847858,183.5507284306028,20.625022888960032
38.06894357499914,316.03827347833413,192.06415444275837,23.704139024550532
38.09984396899927,313.92548409405254,198.24256569847853,27.024105363294385
38.13682231099847,312.52324205544284,203.97422244759971,31.27204618532093
38.167946103998474,310.37081862497894,207.64741973440914,33.79822973861332
38.20054071699997,308.59485232067505,208.89232067510548,34.41465850463505
38.231835547998344,307.8048469387755,207.68035714285713,33.028743499114526
38.26479953999842,307.1137469586375,204.4748001390337,29.75799097053116
38.300067745998604,306.3740932642487,199.79991364421414,25.07321238071789
38.33274767999865,306.3043403227198,193.4475796013461,19.101011685292125
38.36368806399878,305.79134315037925,184.8492637215529,11.409427813724816
38.396347770998545,305.7084949215143,176.4725761772853,7.067806025605646
38.42774361699958,306.3170591614015,168.86971089412214,10.423459864496742
38.46481719999974,307.4491706051339,162.32462237049393,16.207736911221726
38.49587527499898,308.09977324263036,157.92253968253965,20.342657680087942
38.528710364998915,309.08153164886687,155.90770165841798,22.583101519287986
38.55970665099994,310.4144350930885,156.75244410439512,22.50373631596915
38.592521874999875,311.68793248945144,160.20632911392406,20.42901246802561
38.62805059399943,313.3912125052809,166.27063793831854,17.62214103591183
38.660707604998606,315.0873277538253,174.5317440189365,16.48722960852693
38.69189109099898,315.2252808099984,183.36386647682326,18.151124503457865
38.72467670599872,318.2052937893646,193.44654388902177,26.23701827610181
38.75595047199931,318.5725227057069,202.09543174732275,32.87022917209718
38.79288901699874,319.6169301018616,207.44397611520898,37.835173699453186
38.82395588599866,321.52385038975893,211.63112350711577,42.383891405896414
38.85663666099936,322.7484454085322,213.1872740419378,44.35521578988585
38.8878935369994,324.46498842592587,211.95666956018516,44.304345738083875
38.92459331899954,325.1522321105564,208.5594385355618,42.019765165487385
38.955747005999,328.16949767711964,203.50544425087108,40.37923056632412
38.98864747100015,328.30900243309003,194.92818460089475,35.20622619344387
39.01962800399997,328.5076728365765,186.57957601645307,31.685840579403337
39.052615791999415,329.2185332011893,177.3191278493558,30.5889367782355
39.08805303099871,329.23000898472594,169.5750224618149,31.225581746436664
39.12045322099948,329.052196001311,163.23418551294657,32.94170655010998
39.151989211999535,328.0979665761093,158.60574627480034,34.163267626942776
39.184728125999754,327.58235538909696,156.89138576779027,34.63265442025176
39.21561845699944,326.4481574539363,157.8860971524288,33.13894235787017
39.25263532200006,324.9439363143631,161.59332655826557,29.94526072082888
39.283785895999245,323.56316280648167,167.15500127258844,26.4076093795754
39.31651962399883,322.61089561244717,174.54900439617273,23.9908293223014
39.347684835998734,320.7714776632302,182.49003436426113,23.059913870482205
39.38031688299998,318.95624227441283,190.84787803873093,25.18092257682854
39.41591639899889,316.80689655172415,197.99556650246305,28.55903835305098
39.44843524599855,314.4026747062461,204.13396722325294,32.2887336250607
39.479595183998754,313.3165340406719,207.25641025641025,34.5737878519152
39.51256106599976,312.16912972085385,208.27060755336618,35.03677978478272
39.54385830999854,311.23385904386396,207.4221291276491,33.897539491346464
39.58032118799929,310.14628005198176,204.6785250162443,30.946247014037965
39.611818166999,308.8477715764782,200.2547925260859,26.36015515052497
39.64448439299849,308.6768994627782,193.13908075381596,19.90082695254357
39.675646596999286,308.45151280062066,185.03741056805447,13.363252250465607
39.70864508199884,308.6166179466737,176.52777039596066,9.973214310560586
39.74395224,308.14122644013804,169.0270772498009,11.734912251834185
39.776736348998384,308.14057672502577,162.9157226227257,16.1112344360315
39.80766120499902,307.9490014571012,158.5017570926545,19.76007245473582
39.840553595999154,308.4582703610411,156.42048698572626,21.842862542556176
39.87131781300013,309.06042741341196,157.0487185785638,21.567069657631748
39.908601285998884,310.3987896161809,160.42323618410575,19.458638273566613
39.939536941999904,311.34912525158694,166.36731692212416,15.896121745942452
39.97270146699884,311.7901457112813,174.60365029292475,13.197668802015109
40.00353456999983,312.87317890442887,183.59804778554778,16.143191406853102
40.03642729300009,314.08586911213007,192.66979296929276,22.75381061657908
40.07230569799867,316.0266826762724,200.27503168567804,29.8938946480732
40.10451285199997,318.09558216350126,206.7560556014313,36.43053015592661
40.13569815899973,319.7536888339853,210.97062658705647,40.88858521563792
40.16854869999952,320.66562846068655,212.8266888150609,42.94941663514679
40.2036774399985,322.1369224247563,211.34082238236542,42.47549002566015
40.236736062999626,323.33485256543054,208.18396519577377,40.59951102550569
40.26758638799947,324.6390662693345,202.21264367816093,36.94580906608642
40.30041003599945,325.7011924570161,194.00845812534664,32.520256574843756
40.33168805799869,622.4105004789271,224.68115421455937,327.3979984825921
40.36874089399862,579.716110521558,186.642259167551,281.2591183881619
40.39980675299921,328.0551952730941,170.49927943507709,29.89437953937529
40.43261551899923,327.7440936189004,164.36476043276662,31.303336390336998
40.463796194999304,327.72663971248875,159.73083258460616,33.28152168127496
40.49623991499902,419.78187001803684,101.43183801710595,142.20489393590745
40.53150642199944,357.78545096021946,142.2474708504801,68.05231223689778
40.56449273199905,330.87977595519106,159.79435887177436,36.039488319948056
40.59562933399866,324.59899255365747,167.18367644911666,27.377386511645753
40.627863560999685,323.43156374142285,173.06565547128926,24.937498649545745
40.65965634299937,321.0315305452157,179.9956937449821,22.73513403412081
40.69657369400011,320.88750711208644,188.62033650329187,25.58826439543602
40.72765149499901,320.084402257568,196.27424320164187,29.535616997175218
40.76039389399921,319.1702990369995,203.21354958607873,34.12255832228847
40.791557587999705,317.95368492224475,206.99087221095334,36.55426433270118
40.82427670799916,315.9151297814207,207.99607240437157,36.402466477898166
40.85977852099859,315.51405212059274,207.47819792198942,35.75651723047618
40.892278776998864,314.27983646485734,204.26287404314542,32.3418407344068
40.92327628699968,312.92397341345713,198.59036693071107,26.764943308022847
40.955988632998924,312.0930125368731,191.70962389380531,20.712962330314912
40.98754981099955,310.94250997461006,184.08968081247733,14.73836618633946
41.02440640799978,309.6294507067454,175.80882089819286,10.969686349841341
41.055318058999546,309.0036932062183,168.2713218242721,12.877486901610553
41.08818902599887,308.3322545846817,162.0638121317733,16.91638781812658
41.119603944998744,308.5205826990752,157.90244700875684,20.558928813565256
41.1518375579999,308.2765142446732,155.99074295746547,22.148270114900534
41.1875846619987,308.15357227628766,156.54173589682725,21.598921807134683
41.22043153599952,308.7591161083782,159.57421722495508,19.232964067404662
41.251408325999364,309.16686223891105,165.1807869827114,15.039954615244056
41.28447633399992,309.6805788758295,172.84928440073557,11.44593523350588
41.31551352099996,310.72688739603325,181.69073896353166,13.365476308891637
41.35220867099997,312.4431753746456,190.85492102065615,20.3060313122707
41.38352131099964,313.58781790640194,199.10212867734992,27.553267879201
41.41625860199929,314.9627467934861,206.5809194408416,34.70536653760471
41.44753799999853,315.33022145028224,210.18946301925024,38.088308149069654
41.480435365998346,316.32349750488174,212.09170463585738,40.23345334523784
41.51558755899896,318.23651452282155,211.38108757370605,40.48577611378593
41.548584086998744,320.18762387139395,208.25133964618658,38.82348787605978
41.57918114899985,322.12240615528094,202.03644983290587,35.09048563746652
41.61238243199841,323.3986928104575,194.08006535947712,30.674729090230702
41.647772032998546,325.09310624493105,185.58004866180048,28.134628247846894
41.67966729,325.9777617212588,176.58156711624918,27.32465074168908
41.71143651999955,326.7127122533272,168.65802355820713,28.982550767405332
41.744309785999576,326.9379542498661,162.6626118889144,31.240518249717546
41.775415148998945,327.2714828352325,156.60725292051887,34.53175856143358
41.81226709299881,326.9094387755102,154.33723072562356,35.56393255214729
41.84353773199837,326.79697178251894,157.058805536438,33.885942636752326
41.87588796599994,326.56364922206507,160.55885588558854,31.862880980273886
41.9073748819992,326.53270142180094,165.88736176935228,29.630465238397548
41.94022157799918,324.906160750714,172.92680538555692,26.418287946974477
41.97558027899868,324.5574712643678,181.06213559886723,26.39806377422263
42.00840154499929,323.8678353527541,189.24190083354816,28.50043868441876
42.03926762899937,322.88145231846016,196.45748031496063,31.741262289439877
42.07205659200008,321.872311827957,203.06611223118279,35.69965192336523
42.10364350399868,320.3769693970139,206.9253485110946,37.83553111542879
42.14060641499964,318.99916226857664,208.3004104883974,38.21885344604972
42.1712206939992,317.9016573651277,207.61229494334515,37.056493029518165
42.20440932499878,316.82803832576906,204.6934778954446,34.00977825727834
42.235221183998874,315.04443864683884,198.49586920601791,27.876105140794383
42.268020284998784,219.56918103448277,122.68211206896552,95.35270005389374
42.30364732399903,220.5525060598952,122.44405348346235,94.6729854365433
42.33616007099954,310.87592867756314,176.6482582136371,12.235708436792036
42.367498144998535,310.1949747103932,169.21944852341326,13.350806962174774
42.400227748999896,309.6487279843444,163.40761578604042,16.66934757775758
42.43130475599901,308.7113008130081,159.0460975609756,19.659892834877827
42.468198153999765,308.5981441827266,156.81608374970259,21.554158650101908
42.499289566998414,308.02339181286544,157.25288446341077,20.903841623719487
42.53188649099866,307.7904936293583,160.46837567711907,17.96689525469606
42.56306200899962,307.2423040188083,166.01946954669015,13.11929982624375
42.596195887999784,307.11481560133075,173.57924541657817,8.77837646619812
42.631463177000114,306.94244504541984,181.6482906871923,10.057002079538984
42.66400046599847,307.29160631767706,190.11918063314712,16.597223661631386
42.69499013099994,307.9899581589958,197.86087866108787,23.8211001401143
42.72789968699908,309.33532536520585,205.72098273572377,31.633805000791064
42.75933456199891,310.3826774932334,209.8591158303838,35.88498742630661
42.79635238899937,311.5635190698993,212.26407202608817,38.54516179208075
42.827325491998636,312.8525963149079,211.29752931323284,38.09696617803611
42.85999804199855,314.49568994773637,208.00332586710104,35.75801779247354
42.89117215299848,316.8518891349574,202.4630561707268,32.15982222053937
42.9276387639984,318.2371995820272,194.5990247300592,27.042619661159335
42.95924900299906,319.1860609831985,186.89144714098043,23.263079731150203
42.992002977000084,319.92973959430054,178.46276409068574,21.417935000935955
43.02305128699845,321.4757495590829,170.8561140505585,23.37530838886457
43.056491700999686,322.6831534772182,163.87492505995203,26.883352424843437
43.09049266299917,324.0978931527464,158.97757712565837,30.57566813401248
43.12318012899959,325.4298548721493,157.07594256315747,32.749774240433524
43.15495301400006,325.8285540889091,158.30147170383856,32.39306878376589
43.18790063199958,325.54556574923544,161.36422018348622,30.58322781013267
43.218964399999095,325.7828536622506,166.46429115273335,28.730775851620333
43.25605675299994,326.6339810885265,173.53964708510162,28.07642541737185
43.28696149999996,326.27557568893917,181.66417516043788,28.201479768492153
43.31944223999926,325.84343434343435,189.83295071931434,30.526172335122705
43.35117651199835,324.7491107422338,196.89811082127892,33.462539639645414
43.38388242399924,324.0800378877575,203.42781592864472,37.437703058056
43.41925784399973,323.0241992882562,207.15618821668642,39.59632727509453
43.45204416499837,321.97782668949213,208.798483736855,40.28893068785535
43.483026504998634,320.93969564513515,208.26380119799254,39.25575082396646
43.516117538998515,320.0745079289186,205.6700932345207,36.63707821336865
43.546984158998384,317.8950105639525,199.61067771818625,30.498155755558976
43.58414394200008,316.2612483017661,192.7034284344282,24.30444924952679
43.61525102699852,315.22264509990487,185.39724072312083,19.07067716296519
43.647835417999886,313.67403272078775,177.59308366286731,15.103892553625077
43.678988873998605,312.5814080124465,170.14329054842474,15.080527625735181
43.71195576599894,310.68026895432416,163.54277764896824,17.269349060723812
43.74750120899989,308.51528350909365,158.93810178817057,19.653772173040583
43.780079284999374,307.86551724137934,156.8054406130268,21.235929261621333
43.81117995099885,307.3656710831649,157.1619881727674,20.7000697982472
43.843935282999155,306.88451443569556,159.9883347914844,17.949209906687017
43.87494790099845,306.5784825092148,165.14187356561652,13.392181756336129
43.91236034099893,305.9384531590414,172.58632897603485,8.014517986047839
43.9432300569988,304.858648111332,181.08064943671306,8.050763252986304
43.975947836999694,305.3424621804903,190.0838549817423,15.640346260320708
44.007344953999564,305.28042830894,198.41297598682127,23.42512933341325
44.03990089799845,305.98489087856746,204.90486849468383,29.873968802828603
44.07494695499918,306.3438548928479,208.96036664084687,33.899859618950785
44.10860057899845,307.1192022567736,211.4555533687594,36.50633661968817
44.1389344069994,308.10681145113523,211.28897663705163,36.586775201977694
44.171933718998844,310.56115617355476,208.89255825930215,35.03310319064919
44.203314310998394,312.1028653117036,204.22655230281558,31.315692077462334
44.240408441999534,311.0508602150538,197.44059139784943,24.81288601169948
44.27088416299921,319.2761704030146,187.64265184901322,23.704259518768755
44.304036215999076,332.5899326707278,175.046489259378,33.941185207698574
44.3350826019996,336.3944096133751,168.16708463949843,38.52663575924227
44.3723472699985,337.9911155533344,163.76583930257092,41.17239772800732
44.403069611998944,369.9963190610133,178.19908323783727,71.37141500650137
44.43604469699858,367.23937409024745,175.36266375545853,68.58124574146532
44.46700622999924,369.6292069367331,177.48121872643773,70.98530105032829
44.49993851099862,374.0349107361213,181.04527390560037,75.54684679185621
44.53533268799947,374.66546694449704,181.38889941276756,76.19976382704745
44.5677810319994,374.80865610888503,182.1587483304713,76.40136691073327
44.59881138399942,372.3045966110268,183.4164137582195,74.02227877755655
44.63222239999959,372.2557459942211,187.72468479117416,74.53230166452965
44.66308308099906,370.0374140043351,192.03678572550498,73.1687952158291
44.700082702000145,397.4724662647143,189.0904392764858,99.68275823890603
44.73127498299982,393.6575784753363,189.50487294469355,95.96021392156526
44.76429378699868,390.9349242139546,188.88519353626455,93.17758914454703
44.795180126999185,391.2135482070601,188.64699316310868,93.42082935409748
44.828005889999986,392.28145485303446,190.42567138930005,94.73449801514045
44.863595139999234,394.4025438783486,189.75023093867688,96.73247628812688
44.89605063599993,322.2510381275953,196.4731596828992,31.273157116074323
44.92676504299925,320.20696705197764,187.2105056223952,24.31482460610807
44.959676454000146,354.7859734964322,179.56159021406728,56.24194344478827
44.99108504200012,353.9929444778512,178.39406694728402,55.38663872358775
45.02805283699854,353.11035957240034,177.29807580174926,54.46664559576072
45.05909325899847,351.0900733874082,176.00683661645422,52.42953156787937
45.09187971799838,348.2476868613726,174.4939657253198,49.60826369126085
45.12322014599886,345.1243774900398,173.3238296812749,46.53754121096047
45.15590826999869,345.4625511402762,176.09944505205166,46.802232616977214
45.19135096299942,345.8174087634345,179.72945947009958,47.30862621172734
45.2243997939986,344.189765033851,183.36758263639982,46.13063847159473
45.254841323998335,343.21588602654174,189.3718969555035,46.535138660400705
45.287515345999054,341.99266793812245,196.78631065903792,48.08457952862749
45.318943032998504,337.4526995846793,202.6424011690509,47.09250146115656
45.35592157499923,335.7946377638334,206.9934968625214,48.40549079660352
45.386893281000084,304.74288107202676,209.90329854400204,34.50098758110919
45.41980616799992,304.60189604879344,212.59400689472287,37.12976108570102
45.45106189699982,338.95952489030105,210.60863973369646,53.157631616371
45.483792006998556,338.3286311970084,208.91180717538597,51.580206488763395
45.519271200999356,342.41702283551103,205.48227296780232,52.79407056121303
45.55157088899978,341.482648002333,200.79581718951798,49.51169518746719
45.582938218998606,344.4641307122798,196.5029359203472,50.20646750206815
45.61562149599922,345.6622411046203,190.9663657284475,49.34437403235922
45.65093494999928,347.40065049000725,187.27624427611588,50.04042464594256
45.683682418999524,319.8943423282492,167.29350801720767,22.92772889836065
45.714900402999774,321.59224270353303,158.76420890937018,28.652415144731982
45.74762933999955,323.5955802812548,155.69726471951785,32.11901197900679
45.77892092299953,325.28944715825384,155.65387299371946,33.47733716448694
45.815769270999226,326.40597293513764,158.75579405817388,32.637336554504785
45.847083173999636,327.1334683772226,164.64310901042836,30.633079553762094
45.87984758899984,328.1760029175784,172.31706783369802,29.737269093043867
45.911039795999386,354.8484259259259,194.78675925925924,59.26359186063921
45.94357842199861,355.4184655396619,198.26996098829648,60.991516046399994
45.97902941099892,358.208788907042,200.6683842319132,64.47751252488315
46.011681230998875,359.8234428641491,202.86921693640673,66.82764532398255
46.04270543899838,328.40111159231986,209.17850440306046,44.59954410866518
46.0757183959995,327.04208677054686,210.49121600977696,44.711423233989095
46.10731624699838,325.6914179967615,210.24789883568508,43.67509982315049
46.14409506699849,324.4327950875597,208.21029489803652,41.29656326245749
46.1749759129998,321.71111582220334,203.19298989470707,35.69182916278932
46.207809574998464,320.1558298435089,196.38439497465285,29.663268976281934
46.23886985899844,318.72657812053694,189.49557269351612,24.214152910851524
46.27179226999942,318.2402784082312,180.55205023452865,20.11494129152422
46.30705154199859,316.8971098265896,172.42705202312138,18.572307462937832
46.33967262999977,315.3426884441377,165.5889885744958,19.63393959267202
46.37089449799896,313.4987897243695,159.72491606152883,21.98154287496224
46.403754327999195,310.9762855130312,156.7184785160836,22.830821459388964
46.43475130399929,309.03630665749444,155.9935030191852,22.486112385126802
46.47178062199964,307.2863325740319,158.04912680334093,19.864107107273593
46.50295335199917,304.8933275750378,162.31713812711436,14.983406037549754
46.535748722999415,303.3221499254439,166.96624644164294,10.114669621789613
46.5666236299985,302.15704154002026,174.04018912529548,3.9805399637083942
46.599658923998504,301.5909025374856,185.39431949250286,9.895469528982773
46.63500582300003,302.1622499056247,195.0502831257078,19.425814557628893
46.667844567999055,303.39627976190474,203.8458333333333,28.302171976308106
46.69884163499955,303.6152518201606,209.01035802747128,33.43680976216233
46.731991577999,304.31142233265564,211.96717114675099,36.46499880553944
46.76257612099835,305.3484848484849,212.3545906829489,37.02101385516598
46.79995423999935,306.17674594186485,210.0514911287278,34.92712256312053
46.83122820199969,308.459812509605,206.07445827570308,31.685156457986594
46.8636603369996,310.16641729010803,198.1246051537822,24.98844081432071
46.89471677599977,311.9470085470085,189.80470085470083,19.201167724880197
46.927764836998904,313.4082058995571,180.60934235815157,15.468361172020483
46.96306738099884,315.55134680134677,171.7806397306397,17.39599167973775
46.99600962399927,317.8114045914589,164.31802847033651,22.40282370843945
47.0266871169988,319.81651600293185,158.68100008143983,27.30456180692108
47.059514120999665,322.19048751486326,155.46611177170035,31.1920862978061
47.09490507299961,324.37042366107113,154.93549160671463,33.20087154936904
47.12748935899981,325.7153024911032,157.2198497429814,32.901401734135796
47.15909615700002,326.8479026577009,161.92699327569645,31.479588731796884
47.19122206499924,328.15058043117745,169.2066334991708,30.24953475539994
47.22261427899866,329.5454165622127,177.51190774630234,30.92467535946142
47.25956178599881,330.85976656368,186.61028149673874,33.9202788564932
47.291087931998845,331.6808216813395,195.01648541343,38.133271979525354
47.32351717099846,332.1935053009433,203.19968277819515,43.21343928808027
47.35479239599954,331.44879909120414,208.51217137293088,46.21513995807483
47.38769112499904,330.0590099975616,211.24343656018854,47.244099289607135
47.4228964670001,328.69870700170776,211.44506790274048,46.50493223401755
47.455705753000075,328.206157635468,209.68013136288997,44.84592374564085
47.48669773599977,327.73558187435634,205.19876416065912,41.24650614018106
47.51948609399915,325.0651764072179,197.54196965616302,34.113517399310915
47.550557663998916,322.7295444294091,189.30861524582767,27.531133003692634
47.58778448799967,320.5911899006178,180.61715462440682,22.423254409632413
47.61870323999938,318.84267871379217,172.37629550890247,20.49478340256499
47.65138614499847,316.2518331226296,165.54782975136956,20.432939377861107
47.682717402998605,314.42330420307945,159.77511444028295,22.579936688381995
47.71534228699966,311.781846104106,156.04211121888133,23.83694906276299
47.750896544999705,310.6433152442033,155.03617826015457,24.097046194640058
47.7835094940001,308.8418677170523,156.79460036107008,21.686573309707953
47.81479985399892,306.52600212262223,161.2225487794922,16.68972865275853
47.84764101399924,304.7641914191419,167.03803630363035,10.795679548276677
47.87875432799956,303.43920959530584,175.2125291224437,4.834088064418556
47.91569499899924,301.8426417319518,183.94853003116836,8.615055554588967
47.94679745299982,302.9638480392157,192.93443627450978,17.52820491016328
47.97951553999883,303.577024753665,203.83225186253304,28.319600414499092
48.01068475299871,303.1695409480963,209.28234608014662,33.64318964509828
48.04345805699995,304.1717250324254,212.51015996541287,36.98044712910026
48.07885918099964,304.56994507380705,213.4671301064195,37.98690714266459
48.11158368299948,305.3520081862369,211.9245331286774,36.59875844538961
48.14261185199939,307.227501256913,208.65552203787496,33.816006693303756
48.175500834999184,310.1494486360998,200.42039079125556,27.039832062257737
48.20658403199923,312.600558380696,191.3415096220959,20.771302151256936
48.24365232799937,314.54738513446455,182.2579140617247,17.095986488323828
48.2746524159993,317.12216510432415,173.80455599233946,18.584984506554015
48.30733150099877,318.74726001511715,165.88813303099016,22.46260311069908
48.338604806998774,321.5259157509157,159.91217948717946,27.92490647208554
48.37550090199875,324.3085892300845,155.7890520694259,32.618843430266395
48.40652045199931,326.7487356933724,154.77366693283648,35.1720264555295
48.4395209309987,329.02063705697617,156.67743382682815,35.95667697567321
48.47075825399952,330.4824827586207,160.95374712643675,35.17529623546076
48.50344271499853,331.7787006275378,167.10529715762272,34.27694760022376
48.538835299999846,335.1410725167581,175.68992484257564,36.48136702156764
48.57141127899922,337.1142946122703,184.69293055123015,39.436721598117586
48.60274624399972,337.3818105174412,193.63378648961955,42.57122198264748
48.635440906999065,337.9946072446072,202.15394790394788,47.267285752960554
48.666599384998335,337.17418997507616,209.559032585618,51.12100731532931
48.70345180899858,334.53241758241757,212.4422161172161,51.17621480677953
48.73449808299847,333.9867216117216,213.2521978021978,51.38031236190641
48.76740064399928,333.27604883870373,211.77425869824657,49.821007699035235
48.79858954199881,332.70015727634376,208.43399019335737,47.05717945282228
48.83144969800014,331.33501783590964,200.85681728101463,41.08933159164087
48.866451095998855,329.5206850304343,192.91818838336943,35.2209309986527
48.89952384999924,327.9300020437359,184.44083384426733,30.478150572697512
48.93063670399897,326.1240024554942,176.1026191937794,27.463887109697815
48.96293817500009,323.1667652276759,168.84151389710232,25.514301645826794
48.99438564799857,320.1536473291212,161.75397281255982,25.75405292800071
49.03150079799889,316.9179196217494,157.42033096926713,26.007839927870187
49.06269770600011,313.6460135826588,155.6143827332775,25.254757216133537
49.09549852799864,311.5810222947254,156.85444988218234,23.04990761347845
49.12627989700013,310.0785720857484,160.9590578710093,18.83824250519731
49.159363114998996,308.94999059973674,166.27138559879674,14.12111321690777
49.19467501999861,307.68510072215884,173.8424553401748,9.265683387674096
49.22736075099965,306.35449735449737,182.54701568736655,10.139705542263407
49.25839891499891,306.213122339441,192.08856191004998,17.824995308712936
49.290954535999845,304.4898514851485,202.13844884488446,26.836520293749516
49.32249557099931,302.88512287646375,208.22389905987134,32.5564741410028
49.359520693999,302.96283125899583,211.50910168487002,35.82568735637088
49.39043437299915,303.4964539007092,213.01726053148764,37.38863946540877
49.42324835499858,304.2765685019206,212.07631241997439,36.5674565117458
49.454619547999755,305.68279301745633,209.12959268495428,33.92171560266293
49.48725452799954,309.8814249363868,203.5579304495335,29.807876871298536
49.522644676999334,311.58565115674554,194.11524131357766,22.300213145654197
49.55542178499854,313.44665395441746,184.34132388994826,17.00485841365553
49.58637802999874,315.9617411850236,175.57697201017808,17.305024754335
49.61923909599864,318.4241214057508,167.91826411075613,21.330465048463576
49.65044116899844,319.5846025801082,161.79300873907616,25.259212309280688
49.68757325399929,322.0892065056678,157.1748808937079,30.018838834884164
49.718466991998866,323.54827089337175,155.16090297790586,32.423436946040916
49.75131510599931,326.4376177024482,155.94530759573132,34.22657700160094
49.782646867999574,328.68676095525154,159.94157199165315,34.02362209941805
49.81970843599993,330.3319482917821,165.92120652508464,33.2190515373171
49.850393819999226,334.02792792792786,173.73063063063063,35.4364554579118
49.88302210299844,336.625860373648,182.76376597836776,38.573173035317616
49.9142049209986,338.26444117165767,192.0301914580265,42.7466236642868
49.947127904999434,337.9281122608968,201.5206177485105,46.8633121380288
49.98270002499885,338.27940093297326,207.85743514199197,50.874380900527555
50.014814008998655,336.94793779580795,211.73326572008114,52.41076109248948
50.04663682499995,336.41394050423094,213.2087586146733,53.047874018239455
50.07937406800011,335.6676328502415,212.2323232323232,51.8310742393347
50.11036133499874,336.8355269048258,208.99820932939383,50.49747184758615
50.147385128999304,335.3598859484986,203.63325314087143,45.973981213327164
50.178209673998936,332.9766657794339,195.89326590364652,39.69407563675603
50.21109018399875,331.8457696827262,186.32931844888367,34.7726767700786
50.24226328899931,329.0931813637272,177.44221155768844,30.469521857039116
50.27522113199848,325.3720042012794,169.8457939463382,27.398396237873676
50.31052567400002,322.1795817958179,163.39549626265492,26.65661561202107
50.3431913280001,319.81893592677346,158.7163424866514,27.284108992324256
50.374380400999144,316.2467595279551,156.43625459469914,26.26355294612866
50.407232372999715,314.4746976294146,156.8861151427189,24.763660015167968
50.43838606600002,312.43720974315227,159.98985878115815,21.078138618475588
50.47546368499934,311.38839811542994,164.90106007067138,16.84976692965567
50.5062825469995,311.32185095877827,171.34033758181192,13.47179606605814
50.539062183999704,311.45764777574647,179.1378427787934,13.18992025221962
50.57032519799941,308.1205376344086,188.77602150537632,15.943195800876575
50.60289541199927,307.09659090909093,199.73724082934606,25.24574218216157
50.63835705999918,303.3075341185268,206.9927089175547,31.395837521511506
50.67114292799852,302.2827234662297,210.57327507737116,34.81950879867932
50.70223766499839,302.63495554944546,212.61690037576756,36.88894501423509
50.73508522099837,303.1533459767001,212.18441253499503,36.51914954109671
50.76640684699851,303.804554754915,209.80713459656613,34.252910953972325
50.80334498299999,306.1823171254609,205.61015350313008,30.60613722939099
50.83414843799983,312.09706062461726,196.2996529904062,24.391503177736578
50.866881242998716,313.9524258618883,186.57623388871423,18.625601601880227
50.8987320870001,315.7706690923792,177.43814432989691,17.17531753699842
50.930669394998404,318.1948717948718,169.51010558069382,20.56614931029979
50.9668172519996,318.9514055156513,163.75614081759332,23.66916214531069
50.998962748999475,321.23218997361477,158.47467018469658,28.54135269033342
51.03026280699851,324.59494337634976,155.8892107804407,32.78311580412575
51.06338266199964,326.9584203201113,156.0589770354906,34.58510165408048
51.09827538599893,330.23886605001707,159.26832819458716,35.71025079733925
51.13107581499935,332.76182077769374,164.6824556983287,35.91221446574438
51.16203809399849,335.8916970644433,172.12714955706096,37.42611725073683
51.19535453299977,338.91530054644807,180.95091074681235,40.565069189075416
51.22621441499905,339.829176722982,190.43622061321176,43.64534402316042
51.262972098998944,340.68386145910097,199.58929010071236,48.21948127154856
51.294321453999146,340.962589323245,207.17965531736021,52.585251496364485
51.32719197699953,339.82213368747233,211.4081451969898,54.33298078536952
51.358007637998526,339.2807872878295,213.41729866377753,55.26615937521945
51.39101787399886,338.2350438953751,213.1494252873563,54.31832265880687
51.42637182399994,338.53653598380265,210.43695932265783,52.725205047020346
51.459048654998696,337.64690417913147,205.64146496237873,49.00970675643425
51.49017019599887,336.49282956425816,198.0350248207391,43.81039635480684
51.52298034799969,333.947037788731,188.35826809703295,37.40696343270368
51.554159617999176,332.2467167919799,179.61002506265663,33.78576548369356
51.59101497299889,327.5992214111922,171.36905109489052,29.297832077128458
51.62206309099929,323.82986784955176,165.1121892616209,27.400592614902475
51.65497127699928,320.74872773536896,159.71528535078153,27.408292249112158
51.68630908299929,317.8549096695684,156.84807638303846,27.074453791209553
51.719167367999034,315.0452164323132,156.6227368808014,25.332121653705723
51.75448226599838,312.5033305188104,159.23013415892672,21.700940588316662
51.78697869699863,310.59228806351007,163.90142708628673,16.951617828983668
51.81822324799941,308.6993233303913,169.47298224968128,11.942918602954963
51.85101743299856,309.507305936073,176.64520547945204,10.869451942582648
51.88221924299978,307.39231367322003,185.17094301899368,12.704488800791074
51.918993478999255,305.74470384781665,194.30577172503243,19.682175161573795
51.9500317539987,302.18315617334423,204.50840374307256,28.782099332251544
51.98296943399873,299.46962399662016,208.74397972116603,32.811278051245445
52.014201736999894,299.5330303795338,210.9196330892872,34.98783472709513
52.04715620099887,299.63787237573644,211.10546842585677,35.17636923744343
52.0823638490001,300.23733073866856,209.01686532068433,33.11175061687496
52.115021870999044,300.87614922878197,205.28554061241547,29.426388641580132
52.14619350799876,306.7939325631633,196.65689865689865,22.253771768535753
52.17879490799896,307.2801559868829,188.06044491713195,14.870687776508673
52.210037387998455,308.7138453634729,179.44130490624198,10.64464726735913
52.24742565199995,312.32440717699035,171.27860427373545,14.43792659202252
52.27849504199912,314.38604613385314,165.11882716049382,19.090468588494993
52.31098402299904,317.11786148238156,159.72798703928714,24.568015628724797
52.342084528998384,319.4289181149209,156.57131673712226,28.40023674858422
52.37520229599977,322.5442113442113,156.1076146076146,31.046054839401734
52.41020339999886,325.4154732136091,158.2881715541411,32.054731930693926
52.443044241999814,328.57219211080997,163.3313760915387,32.461506464760355
52.47425844600002,331.23610173306326,170.27976592392528,33.06407590458069
52.50720030299999,335.27645978113264,178.31647895199296,36.692744595346646
52.542365596998934,336.5471285892634,187.82568664169787,39.70637713203115
52.5750852129986,338.86468351599194,197.43987176619697,45.59056050832536
52.6062484139984,338.9034794866088,205.03212404481042,49.655682086543486
52.63901872399947,339.10902761294403,209.8579792705119,52.785646823759926
52.67020529099864,338.593911498708,212.28189599483204,53.992681613847274
52.70727596500001,337.7511520737327,212.52494138572234,53.53816171895727
52.738233404999846,336.904148436234,210.46135148274186,51.5180481669805
52.77093976699871,337.16910609443477,206.34218142727195,49.061556522490974
52.80220183399979,336.38202711640207,199.41129298941797,44.42615667460413
52.83485380699858,333.6023746701847,190.59041336851362,37.88779620116483
52.87042586499956,330.75087342112334,181.63800053748992,32.59177143833774
52.903061154998795,326.4349995770955,173.32056161718683,27.897917765102275
52.93409398399854,322.54014004233835,166.65754763067903,25.621221206234672
52.966622001998985,319.80911823647295,161.43921175684702,25.64393002722279
52.997978353998406,316.5694091755544,157.82055188759097,25.478178239783187
53.03500121599973,312.41189646590345,156.7017587522814,23.649770302729646
53.066320483998425,310.455015857119,158.70413954264728,20.887218298148724
53.09860938299971,308.4296103896104,163.23272727272726,16.030495082226924
53.13024106299963,305.87104233368905,168.25418000711488,10.540576251333349
53.16303613399941,304.4781901923598,175.9032782443782,5.817742530167268
53.19805798099878,301.7015831134565,183.980035180299,8.593416625674239
53.23079769399919,300.7645565186936,192.49058751422817,16.68112805562998
53.262303634999626,299.01627412495907,201.37757605495585,25.437385359100226
53.29502396399948,296.91922773837666,206.80583136327817,30.91223977582876
53.32630244799839,296.79189057156816,209.27145416056015,33.38112261781096
53.36297071199988,297.22425457278877,210.04652133968094,34.1340766324773
53.394030782999835,297.9572192513369,208.63806514341275,32.7029521686819
53.426984742998684,299.10768159665815,205.4990330316392,29.559736834600955
53.45821096599866,306.1061320754717,197.5998427672956,22.901288832161438
53.49102447099904,308.93320809851804,189.68973074514716,17.1612451318211
53.52625942099985,308.60386064030126,181.72363465160075,11.501663889939868
53.55901285099935,313.17715472481825,173.05628245067496,14.80074956927705
53.590268040999945,315.85501675537154,166.79430317366447,19.476687964894335
53.622976642998765,316.36059190031153,161.87123572170302,22.611852233095327
53.653905192999446,318.23922342875943,157.84871668311945,26.65923217608961
53.69102671199835,321.596217839461,156.72218164110055,29.924419810047354
53.72181538199948,325.54053828151115,159.13172851889,31.703944713661553
53.75458541599983,328.9542880258899,163.1343851132686,32.89013588816366
53.786045106999154,331.6803986189579,169.65246390458253,33.613615391293564
53.822877462998804,337.5345337274926,177.53480247245363,38.90654258844401
53.853993308999634,338.13258799171837,186.07610766045548,40.75200281638366
53.886923877998925,340.37629486870634,195.1084879145587,45.90783222901926
53.91782985399914,341.59330759330754,204.12548262548262,51.356494252938305
53.95104573299977,341.01889737901564,209.40333579820884,53.9800204065167
53.986192654998376,340.2508599714741,211.9832200687977,55.033371655232195
54.01866658799918,339.8025906299941,212.60038691227183,55.10401616746366
54.04999033099921,339.968782249742,211.05271757825935,54.2133045228864
54.08272235199911,339.0895807388958,207.49580738895807,51.28453967282484
54.11366236599861,338.66372064812407,201.00034659041677,47.20315612193298
54.15089133899892,337.43998459909517,192.78823755895658,42.2801966165493
54.1819053349991,335.07270560190705,184.30631704410013,37.360316865009615
54.21481907999987,331.4132294971637,176.05874435150466,32.75285407551453
54.24578794399895,326.6127104834329,169.3499909469491,28.71907130320838
54.27881315599916,323.0826118326118,163.5355339105339,27.392933437432074
54.313914096999724,319.44006880318665,159.71663950751403,26.364207257934186
54.34666328699859,315.2261016346837,158.18132551528072,24.287488577373697
54.37784632999865,311.8944329541537,159.38684936228884,21.19505334180334
54.41065298399917,310.00287899235263,163.41646423751686,16.898335561048366
54.44223860799866,307.41063068025335,167.76324244927935,11.977751393607768
54.478944912998486,304.92468222348697,174.72424587364827,6.381499761555637
54.509971390998544,302.2085422469823,182.4216341689879,7.386806205516079
54.54297341799975,300.26057666397196,190.53345908560135,14.678245415994107
54.57402713800002,299.8898582333697,198.7799890948746,22.870372010616645
54.606487008999466,297.27704356338717,205.16764561918748,29.257698615307753
54.64223060999939,296.68407653773505,208.04861624373817,32.16671979752004
54.6743849559989,296.8519264668849,209.01586502140518,33.122604875483354
54.70580985599918,297.6326860841424,208.08277976494634,32.15653481690319
54.738642405000064,297.8883814102564,205.28373397435897,29.351215953794394
54.76983365699925,303.2262304250559,199.31338553318417,23.812499668759415
54.80666714799918,307.1514769263113,190.50247030379478,16.854758205776154
54.837991729998976,308.9345370077077,182.60088691796008,12.242790572993478
54.870789739999964,309.8364395559629,175.85497504837556,11.176202598255973
54.90181818699966,315.3108984582669,168.5377990430622,18.222658869362736
54.93466186199839,314.0496604039869,163.6761047896269,19.679750317368523
54.970239767999374,316.65371751993825,159.79658691364375,24.175384288312326
55.00307260799855,320.61393311431215,158.09973885940525,28.289929847375276
55.03390939499877,323.65071097883595,159.13723544973544,30.11526988844892
55.06675681199886,328.97263301036884,163.3357130715621,32.829195065054805
55.09795648399995,331.8096536903876,169.33399454500372,33.801415765070665
55.13479257799918,335.6281918564527,176.32962387853692,36.96963584088564
55.16591483499906,339.4314398943197,184.84729194187582,41.73194321273332
55.19861724099974,339.1144764696303,192.8816967920534,43.85713193647406
55.229966881999644,340.5349859752862,202.0179667955424,49.32936741121583
55.26665743800004,341.55327514350864,207.783046315955,53.4190254547552
55.29800237299969,341.8900420064245,210.70150728935013,55.47037524262167
55.330672822999986,340.7755389718076,211.7224709784411,55.26177058777154
55.361779486998785,340.44341820602426,210.88533865867865,54.468293862778864
55.39448010900014,341.5327931121803,207.69907993584872,53.35255992359215
55.43032251599834,340.508078994614,201.9479353680431,49.26952922983277
55.46275984699969,338.8501205713226,193.684381376368,43.93139123250952
55.49417893399914,337.78233500540966,185.61119307563683,40.29878187828281
55.52662251399852,334.65883190883187,177.6041921041921,36.036574383366926
55.557744996998736,329.50379320033716,171.14414161281258,31.214254473826472
55.594745208998575,325.96831955922863,165.28668503213956,29.313184063924574
55.626035247998516,321.2750022263781,161.05619378395224,27.07433186928945
55.658890561999215,317.7367163081449,159.4881412024269,25.1922747174008
55.68976708399896,313.7076895755638,160.22029834842834,21.76255236458015
55.72257658699891,312.6469189979886,163.43975132565367,18.760085697998125
55.75798863499949,309.8175841428711,167.90864488273965,13.74861447947212
55.79042694399868,308.51867489444624,173.4232976074483,10.174934377521664
55.821511980999276,308.19874476987445,180.3020688052069,10.487175874009482
55.85462271399956,302.8327071592569,188.28668336464202,13.030008169333447
55.88584092199926,302.08793014894707,195.57421674370823,19.928473309936322
55.92254396899989,298.5136236312707,203.65410406586875,27.711816070745208
55.9536232699993,297.579005431093,206.94967752885267,31.025857711636096
55.986521337999875,296.76795066734246,207.6376921777327,31.751472330314254
56.0177326489993,297.0625208960214,207.07012704781008,31.168444005584945
56.05044619599903,298.6492753623188,205.07161125319692,29.128935787228688
56.08606817599866,304.76245678259096,198.7726255847061,23.631322633034713
56.118405791999976,307.02130283664087,191.11312927458232,17.321786009336112
56.14969040899996,309.06463496316144,183.49173922750612,12.8542859716808
56.18228637499851,312.2295965153599,176.37265016047684,13.575826175627622
56.21370144299908,311.77664057796505,169.91511137868753,14.434769556196592
56.25067982199835,313.0268743736904,165.43299626491753,17.800106352145633
56.28161460099909,315.4489047984317,161.22568822977925,22.325715919219768
56.31436291999853,318.32478411053535,159.60725388601037,25.564173189599362
56.34565075499995,321.8014007003502,160.1624145406036,28.00918129853567
56.378538341999956,326.2626237623762,163.71427392739272,30.18951172709465
56.41393104499912,330.488497061293,169.1378673383711,32.54722230074953
56.446326381999825,334.92536269882885,175.77486453417234,36.265169893617674
56.47757525899942,338.07864187832763,183.8612202147159,40.20555724803074
56.51048707999871,339.35537327036207,191.89104316844808,43.70831127087732
56.54570492599851,340.9147605977432,200.22971942665444,48.736804212528
56.57836299399969,341.36908881199537,206.2941945405613,52.39495405099845
56.60960211299971,341.8531689584321,209.75138296190926,54.85096354844556
56.642377952999595,341.021151586369,210.70466118292202,54.79793273866656
56.67356043899963,341.7288834951456,210.07297734627832,54.95230686660971
56.71058187699964,341.1561007205894,207.42960084203708,52.889465126381964
56.74179812900002,341.13308672420874,202.26255651459104,49.96648635812775
56.774549939998906,340.69898052066264,194.2306572000728,45.844053306250174
56.80543655600013,339.0431709646609,186.3170964660936,41.69391000731772
56.83859861899873,336.4160070360598,178.66608032834947,37.85352178511973
56.87382270799935,331.5721131692931,172.0572297484103,33.1400912825578
56.90602068299995,327.7601127170257,166.78374693209707,30.506864044318117
56.93785079400004,322.84084950183535,162.27372836916624,27.776348857822942
56.970406370999626,319.95787496646096,160.52392451480188,26.292825554104052
57.00166311299836,316.3881677704194,161.44697571743927,22.89962237294426
57.03853790299945,313.2739176910743,164.1191876002138,18.797460579176988
57.069679589998486,310.62827932098764,168.32880015432096,14.184390433142408
57.10256022499925,313.1560584629891,173.0595238095238,14.779426267913607
57.1336552269986,307.4490306441526,180.95017719407963,10.114934374468074
57.16624782799954,304.9318229494441,187.1409691629956,12.83472661276023
57.201740750999306,302.4037780401417,194.59868162140887,19.027821927967445
57.23446363399853,299.95103276353274,201.6375534188034,25.727259974960102
57.26561379699888,297.50121045162365,205.40721262208865,29.48733559982582
57.298497050998776,296.93879976232915,206.84704184704182,30.95229000731825
57.3295684069999,297.38446436192913,206.6644472897994,30.748261789153332
57.36667149499954,298.0207863761583,203.9138492361633,27.978487746861234
57.397615240999585,301.87971186106176,197.94967436352871,22.241193918543342
57.4304761939984,303.4591215481626,190.60078277886498,15.423554594874206
57.46166105299926,307.3792102206736,183.44912891986064,11.504838316249838
57.49444995599879,309.6778195060885,176.51792420621373,11.032245973477389
57.52976876199864,312.3229200564052,170.46892287666776,14.718067055479938
57.562644107998494,312.6508212560386,166.02830917874394,17.147055802190046
57.59351932699974,313.3110997092526,162.40696083461603,19.946260958050047
57.62643390999983,316.1977975434138,160.46234646336296,23.392191333651017
57.65754192299937,320.07394247038917,161.1703045685279,26.014516197111025
57.69453479399999,324.1282958470221,164.182377221801,28.051901220168606
57.72568937899996,327.9640233088422,169.27261211046365,30.052978240794854
57.75879259999965,332.8370698644421,175.6511991657977,34.177731721611394
57.789329041999736,334.18374183006534,182.84379084967318,36.18729491454033
57.8220408319994,336.92876801036095,190.7855755220981,41.04589806795919
57.85764885299977,338.7982476017826,199.24624216330537,46.41215781142954
57.89054076799948,339.08705762662595,205.06162342852988,49.82181258231694
57.92164022399993,340.50389885684,208.3083503671739,52.89990560214234
57.95446302399978,340.42036236828136,209.70100826320976,53.698270165006925
57.98976905899872,341.1387541387541,209.001617001617,53.82646799820331
58.022510601998874,340.5844096986177,206.52806103179998,51.89482712561932
58.05374044199925,340.21135598408324,201.60514233241506,48.8367585794166
58.08631255399996,339.6101092202184,193.81110828888322,44.6782348397072
58.11769550200006,338.0395936441782,186.45576104888426,40.75820841504476
58.154527892998885,334.80959686354726,179.0557402198926,36.28281274827565
58.18557560499903,331.00058144364147,172.23066699892016,32.55233704269926
58.21836288899976,327.29606829188214,166.85274562915538,30.043601522271675
58.24939065799845,324.0713264362015,162.96391622508202,28.5333879544075
58.282498530999874,321.66475045727725,161.27218883372527,27.28397059327048
58.31786032799937,318.50017470300486,161.95658630328438,24.273858917192772
58.350065932998405,315.15344052558777,164.5313796680498,20.05572573337032
58.381318623998595,311.6959158195113,167.9078830033886,15.312670474317438
58.41416585799925,313.252721873969,172.7796106895414,14.931026948400524
58.44523935699908,307.8920877399138,180.47640031335683,10.284714696464082
58.48235810699953,308.07187466920715,186.57732613528106,14.200992757365071
58.51332340999943,303.17772799402593,193.6316624661626,18.256637142529577
58.54627065199929,300.1033552520654,200.1675096948238,24.267758125537192
58.577511685998616,297.95572916666663,203.779296875,27.84554157374427
58.6102971979999,298.04030334014993,205.51542263122016,29.579249307624533
58.64577231600015,296.9416339227243,205.03282580222657,29.140890484886167
58.678181640998446,297.63734606685097,202.47407221244868,26.55111874821116
58.70929670199985,300.07527493363665,196.4722222222222,20.578230211659633
58.742275799999334,300.65757058935,189.68362706083002,13.88530365363734
58.773191284999484,301.8019241652518,183.24599132239197,7.950246968314746
58.81041771599848,303.062449959968,176.9865670314029,4.5239534362510145
58.84125817399945,304.9843232106064,170.85523604765743,8.116142972296135
58.87427958999979,307.8012968176776,166.02235304154934,13.48945976714935
58.905420876999415,310.06958202464364,162.4049287267456,17.704122368276096
58.93837763400006,312.90801021222273,160.78291048348493,20.80403273031442
58.97359408599914,315.8483976664269,161.45592583712937,22.478590203371112
59.00622214699979,319.37544677544673,164.2371406371406,23.79338685325752
59.03746886599947,323.9163346613546,168.9508632138114,26.205697060473675
59.07046845500008,326.78152367666434,175.14198248469347,28.132339496142826
59.10146758999872,330.1561533704391,182.71351267779838,32.21514055543975
59.13858473699838,332.7161275729473,190.2435346452537,36.9363609162292
59.169557084998814,335.3247517730496,198.06148936170212,42.819426012203465
59.20196171599855,336.71055602596664,203.7947360993508,47.15440332587864
59.23344342599921,337.89502371345645,207.30983223614356,50.23186115697551
59.26638697799899,338.3565669891527,208.76040750513044,51.50509382404361
59.3015607469988,338.98218718061025,208.18396846254927,51.62686075570075
59.33435065099911,339.46428831983656,205.47523163347194,50.369775352442744
59.365360398998746,339.72766592095445,200.68739746457865,47.94587172936408
59.3982932129984,338.872412132884,193.42577435403626,43.848033330797655
59.433608931998606,337.26797874107285,186.41429995017438,40.00232528084659
59.46646348200011,334.22327502429545,178.95043731778426,35.689659833558906
59.497466160999466,331.2759039068187,172.445765590876,32.80225110251286
59.529899873999966,329.12015215413874,167.1697676341685,31.69778258173694
59.56115899899851,324.9460003219057,163.31916948334137,29.15949628561517
59.598184597,321.8045379537954,161.61864686468644,27.218019733193564
59.629061580999405,319.1241619071269,162.4524459895704,24.510089574763004
59.662374592999186,315.5128524046434,164.88051409618572,20.158633675281497
59.693343264998475,313.8335536170587,168.60533967750462,16.85394981622385
59.72620892299892,313.61083385319193,173.2651278852152,15.188131251245466
59.76124336199973,311.3623324958124,180.053391959799,13.350373073103565
59.79420606199892,308.8198169769643,186.74839591879666,14.831507717850808
59.82541160299843,306.85266229029907,193.04136709388348,18.95983583742275
59.85801688599895,304.7045698138945,199.35028744031956,24.175317898521875
59.88964738499999,299.89252105002475,203.26250619118375,27.34759051678714
59.926294258999405,299.71175928254127,204.82993881485206,28.906380483406423
59.957060666998586,298.07834478246644,203.91429506051685,27.977676442166963
59.98989436800002,300.0963700018426,201.01759719918923,25.11599250950331
60.021584700998574,300.9586382113821,194.84502032520325,19.04152370036532
