t_s,cx_px,cy_px,displacement_px
0.5043965639997623,400.744387755102,257.70595238095234,0.0
0.6151576899992506,398.10154577883475,272.7212049147839,15.246062520082232
0.6254282089994376,394.68967181467184,281.7803249678249,24.824081061962023
0.6332221510001546,389.85864495887387,283.72534554396674,28.20475521604741
0.6410249389991804,383.67466666666667,277.43368888888887,26.087525098474682
0.6600268530000903,375.22818727026504,266.86148191139483,27.10904292233866
0.691975404999539,365.761719211241,253.63573031054432,35.218657074796056
0.7254615669990017,355.96384369350574,235.0362953692115,50.191737123579784
0.7563015739997354,346.858811579482,213.74352463179278,69.54387373003192
0.7939500769989536,337.3977792292619,194.9544959721315,89.16578992614926
0.8242575530002796,325.14092426638547,175.8775259181163,111.40814633083822
0.8585785289997148,312.6927400468384,162.38579234972676,129.76527105708453
0.8882072849992255,301.1192501575299,156.03654694391935,142.3440762492594
0.9224664169996686,289.56362507759155,155.35955927995033,151.11567149153572
0.9570526369989238,279.58703878902554,156.96452223273414,157.56883878735655
0.9908158039997943,268.66218708827404,163.002371541502,162.52530866547067
1.0206321829991793,258.90889043639737,175.02959610027855,164.1727388682213
1.054666742000336,250.76121135380393,190.41416059934576,164.38716021819343
1.084798977999526,246.47247551502872,206.35978835978833,162.5922859975133
1.1229947209994862,242.86674930275797,224.71366594360086,161.28806430623845
1.152930213000218,241.7512812125177,242.9354486969796,159.67772451766658
1.186701272999926,243.20765540258657,255.28108051731328,157.55539357274682
1.2167096430002857,247.085533046859,263.54818907305093,153.76987793392905
1.2501559129996167,251.87468671679196,266.1898746867168,149.11124982685266
1.2848387800004275,258.1192718141871,264.1371625863151,142.7700394405808
1.3187447219988826,267.3110890871049,256.59365708622397,133.4379346147324
1.348740858000383,279.5825350036846,243.25669368705476,122.02039025900275
1.3829170400003932,291.60453725186903,228.88399071925755,112.88140875226642
1.412555158000032,304.2794688713516,212.28510584993109,106.62332706703134
1.450669267000194,315.9415759278773,197.0561995082543,104.25885774035235
1.480437398999129,329.69297627437163,180.59173126614985,104.85659813071716
1.514831578999292,342.2107765451664,169.9080824088748,105.52084918588237
1.5447966060000908,355.81312697047866,162.17693704022162,105.5680395179592
1.576427017998867,369.1920240371483,158.44650824000726,104.15367927903189
1.612818719999268,382.21005699577125,160.76475455046884,98.69709850601087
1.646571829000095,394.10614940924734,168.04223648711505,89.90911052961845
1.676120631998856,403.8594550849744,179.80892006114556,77.95929251027526
1.7105841289994714,412.98463816398294,196.68295391449195,62.23849349003988
1.744651631999659,419.7895917451772,215.2854194706146,46.4996925518935
1.7787061799990624,425.3894526845346,233.85185185185185,34.29864920705158
1.8086645040002622,428.0901385493072,249.24107579462103,28.625936178937327
1.8427309229991806,426.2420625447601,262.36325296411235,25.919526778108164
1.8724663249995501,421.50432848860294,270.4578667302041,24.363629836892603
1.9108820929996,415.1202276499881,270.93241640977,19.534690255773338
1.940622292999251,405.40913737516706,265.8157584335928,9.355685075361443
1.9744193770002312,394.7840006550397,255.42151805453204,6.383169633835294
2.004688795999755,382.5392285489373,241.49619522435057,24.3758907282956
2.0385510830001294,369.45114365011005,226.66149870801033,44.0797598730535
2.0727548759987258,353.49588416145986,210.42556778736486,66.84202165670905
2.106615201999375,339.2951483844829,195.10786994834396,87.71846409660444
2.1366156120002415,324.0373408769448,180.94521452145213,108.51811792278151
2.1709891030004655,309.2737727910238,171.6143992519869,125.61301255070721
2.200459702999069,293.3936965811966,166.53685897435898,140.84024456133042
2.2388959899999463,279.3745170354759,164.7236564805058,152.89327280628459
2.2689410610000778,266.12,169.05849765258216,161.18963058539003
2.302754446000108,253.97860295528687,175.3209556706966,168.30770413398938
2.332667661999949,242.87584986495295,185.23274657725622,173.7090694668483
2.3667332869990787,234.18059348261423,196.7198252321136,177.37757825345898
2.400936861999071,228.29777171441563,210.49276944065485,178.7929529574304
2.4346886749990517,223.9532037437005,223.41819654427647,180.0854601139935
2.464761166998869,222.0074587107086,234.02406322145265,180.29897858386042
2.4988326089987822,222.72547969656404,241.74850513163764,178.73268237529717
2.52872315499917,225.89400313453766,248.4127691165553,175.09717375544633
2.5668456149996928,231.1111387369468,248.4658544670976,169.88472144932012
2.5967049809987657,238.88246121483039,243.58278552020332,162.47691253068803
2.6305904109995026,248.8143226282761,236.98246585455885,153.33690874427845
2.6607138239996857,260.24081477251093,228.20968970112315,143.56630361248347
2.6945990479998727,273.35032270311314,217.45757403189066,133.60082249073017
2.728708999000446,287.62313759859774,206.57873210633946,124.13867201633505
2.763137893000021,305.27935307708464,193.9795211090107,114.78079494729319
2.7923889239991695,322.18609593199756,181.79579032584493,109.24174072851783
2.8265308199988795,337.80250120250116,175.44636844636844,103.57760487620541
2.8566877569992357,354.34799774393684,173.73434856175973,95.9367252622039
2.895125901999563,370.7916081296244,173.4581811370235,89.41395845650605
2.924692567999955,387.42111173498034,177.53078794684632,81.27463734735633
2.958943265999551,403.20565193061,185.1306659205372,72.61700920688591
2.9882151860001613,417.60496292070735,195.9608290549534,64.00577512582632
3.0220372089988814,429.17679766280276,210.21053623598152,55.355365484688775
3.0562625189995742,437.7466262737538,224.00697695767923,50.047843110063816
3.0901539839996985,444.3770376244603,236.3888448321438,48.56158161416779
3.120218226000361,447.83552520654183,246.70510875063226,48.35900936794663
3.1535161020001397,448.0655974202308,253.3536150712831,47.520939850009455
3.188702695999382,444.6733350881811,255.26524523997543,43.996698343630854
3.222683068999686,437.27779270805337,252.5436710561677,36.89632537167556
3.2529436629993143,426.7027306967984,245.80988700564973,28.55436813680515
3.2868088929990336,413.78352544278886,236.96457689063817,24.499464664940344
3.3164438490002794,399.5289415390542,225.80997784840602,31.919124375285552
3.3541912629989383,384.8421481707938,213.59054315703656,46.89403538607328
3.38464691199988,367.57577659240667,202.0864972283234,64.7586330765048
3.4185773310000513,349.5177902621723,191.87806908031624,83.41147709125406
3.4483563479989243,332.47733869167223,183.81614199598124,100.59867825451641
3.48262461000013,314.3359923420549,179.1379493724739,116.78759306791872
3.516742174999308,296.90756568534346,178.49804790545528,130.59853654978744
3.5504044819990668,279.45335727826,181.6471116432206,143.1658525225267
3.580429600999196,263.10538506079905,187.21945570353213,154.63777441666156
3.6150040609991265,248.2459745574237,193.84351925985231,165.33050653753168
3.644601481999416,235.25198260424662,202.29862709985503,174.5213679106951
3.682587199000409,225.2658182146403,212.72551674338837,181.15178154826881
3.7125174069988134,218.45402951191826,222.54587589860006,185.65022404153768
3.7465445670004556,213.87566287878786,228.72035984848483,189.10337096772716
3.7762237839997397,211.8970843615757,236.59802577460925,190.02328426965298
3.8100644309997733,211.88993798019067,239.13431454225676,189.7654049920485
3.8442510530003347,214.10839723563382,237.93761242071378,187.67999419748125
3.8787831329991604,219.2395773843518,231.50780506377305,183.38576583414164
3.908041796999896,226.83201729648428,225.7415867644294,176.82543162057388
3.94213992999903,236.65508221225707,217.47729820627802,168.94864548210697
3.9722266789995047,249.0225405921681,209.49933142311366,159.19609671944036
4.010459940998771,262.19372097718554,201.51383000201898,149.51201250084983
4.040311024999028,277.05015737638337,194.03695806680878,139.11866684941302
4.074401067999133,295.76936436262594,185.36563621627877,127.48677138846931
4.104389428999639,314.98551765409934,182.00849790544584,114.38832289649163
4.138381581999056,333.40145228215766,181.83840479483632,101.44434796894663
4.17225857899939,350.6470200856108,185.4805180550982,87.89914454060661
4.206321069999831,368.0635433494884,191.1817985998923,74.11815315663266
4.2364496259997395,385.63831561392533,199.22117990410672,60.404155711365036
4.270072466999409,403.16370872324404,209.89674088415617,47.87038560417367
4.300600095999471,418.77394163584046,220.11816687217424,41.688204957665896
4.338450760998967,432.39729166666666,230.5321875,41.71714064794018
4.368850689999817,442.11169693419254,239.70249951181407,45.1151702194478
4.402944647999902,448.67184557438793,246.7800376647834,49.157062823204015
4.432217298999603,452.36276142883577,249.66629650194338,52.24071752353802
4.466744769999423,453.1370246085011,248.12127143922444,53.26213012269482
4.500299887000438,450.56690003889537,242.65713730066122,52.04564886318103
4.534871779000241,444.0497435897435,234.80441025641022,48.988105450681545
4.564270839999153,434.2450789530608,224.45944192083064,47.197741137855026
4.59855304499979,421.62521701388886,214.47764756944443,48.007242864085065
4.632691532999161,407.6998231653404,202.76635720601234,55.37812925453773
4.666388370998902,392.36814592370143,193.08742075408742,65.15915942390791
4.6960653259993705,375.9412085514834,185.77432373472948,76.08782358764725
4.730786674999763,357.01427506125486,182.7978054756578,86.7384184142284
4.7601526269991155,339.8982110507246,180.5108695652174,98.2921056365591
4.798629867998898,321.94968336211855,182.35290731145653,109.02608330864278
4.828695786000026,302.33052086848915,186.96096298796263,121.20289897436523
4.862636649999331,282.678945877019,196.55161991121184,132.96353239022557
4.892769199999748,267.49813856351585,205.49205484427492,143.11133435055706
4.926495625999451,253.3376707272056,215.94675156884458,153.20760776609063
4.960756507998667,240.383555308916,225.0754716981132,163.64701296518336
4.994676694999725,228.80607023116286,231.64257984824422,173.90251413001954
5.024427856998955,221.3301776214949,236.47281579659182,180.66628043737504
5.058212297999489,217.26050270894393,241.4938271604938,184.19872169967843
5.088283102999412,214.92302046059268,241.32140563354434,186.54231132726682
5.12626865600032,214.23489477257297,233.72883328484144,188.0443916014225
5.156275250999897,216.0141078030745,227.17950963222418,187.23552023600075
5.1900969029993576,220.19825460064501,218.43985960918232,184.76669677890595
5.220018383999559,227.05075408651672,209.12318251602997,180.36009510073097
5.254305231999751,236.42204449347304,198.9365692222835,174.5155376802967
5.2886957569990045,248.63036502206174,189.21028880866427,166.82425435240515
5.32227591300034,261.4325553197939,180.43427301202382,159.30693358726688
5.352087269999174,275.5788970353841,177.327276591223,148.75191289129097
5.386845211998661,291.22204387372926,176.02086677367575,136.6294149147166
5.416126849999273,308.6295142494519,176.90019614630205,122.53456721111657
5.454651046999061,326.12530541012217,181.67643979057593,106.52931162237505
5.484723399000359,342.94857976872123,190.53093072864036,88.6162454338209
5.518381239999144,360.1471318879855,202.85817524841912,68.2379354928046
5.5480762850002066,376.9393738245381,216.66600287642436,47.4442424701728
5.581819565999467,391.5638421665079,230.91420713001162,28.321017476347127
5.616003373999774,404.70949361271937,243.88594798272214,14.377572327385918
5.650156611998682,417.8386470751317,252.78929858608262,17.78727596454915
5.680056061999494,429.4659466822339,257.5786145164429,28.721841203802484
5.7141698239993275,435.83652173913043,259.296231884058,35.12814906098811
5.744023956000092,439.1515841396319,255.82394232593433,38.45327939158159
5.78218522699899,439.2949494949495,247.94074074074072,39.76814263749208
5.81280599099955,437.6305970149254,235.97377694859037,42.81214643745904
5.846389567999722,433.074062301335,222.12184784912054,48.07739959271588
5.876689094999165,425.30033868676935,208.1536108379766,55.303067532915136
5.914895927999169,414.4800872885979,194.66350245499183,64.5214687863018
5.9443311679988255,402.0075976457998,183.0572498662386,74.65938980703088
5.978040388999943,388.86737566468565,173.57637368366176,84.96381246142093
6.008231009000156,374.7013505217925,168.83241252302025,92.61072224756154
6.042031152999698,359.8278410225684,168.10605152786098,98.50028441278435
6.076201480000236,343.97864661654137,171.63809523809522,103.10201453014068
6.11002598199957,328.45224932249323,178.66233062330622,107.11698007190691
6.140221038000163,309.83056580565807,191.89760147601476,112.23217929935512
6.173269736000293,292.2270475080152,208.16992130574175,119.28885743851454
6.2038662869999825,278.28764106798786,220.5665657399761,127.96479535114322
6.242672037999,265.4762824048538,233.5790586504872,137.40293783659433
6.272428467998907,253.950077860218,244.29092241458275,147.40601224683422
6.306452947999787,243.99203952786166,251.30213194253818,156.88310167434054
6.336169816999245,235.85222894881673,254.28380113740596,164.9276664326847
6.369662826999047,230.7417840375587,252.22905381003972,170.09080424496835
6.404285114000231,228.54394062811113,246.57778984523486,172.55964184060227
6.437924957999712,228.16857798165137,238.40529434250763,173.6517362990627
6.467827046999446,229.42898134863702,226.45442372070778,174.14254654108615
6.502319211998838,232.75434485452058,213.1167740675649,173.80693120932276
6.531925712999509,237.93333333333334,198.95508072174738,173.08698496029243
6.57034365599975,246.55824752675144,185.45810619826366,170.27365361838582
6.600163093000447,256.30652503793624,173.86079919069294,167.00989761029402
6.634160846999293,267.1075299760192,165.22589928057553,162.51575301648555
6.664161230999525,278.4937115839243,160.9902600472813,155.88185580076814
6.6982882029988104,291.02166666666665,161.95911764705883,145.6246266419595
6.732415405998836,304.70722595794643,167.65674031380084,131.65104268469682
6.766521827999895,319.2691470844212,177.0261096605744,114.66233847140168
6.796143973999278,334.00209921555626,191.2016351784333,94.21972875183442
6.830424292000316,348.9079314040728,208.55284030010716,71.43561180716718
6.860440039999958,362.67878979548806,225.83596879612057,49.64560002377264
6.898872611000115,375.6649816631975,242.33343245118442,29.415828713700527
6.928031223998914,385.497695035461,256.3841312056737,15.303883497549561
6.962541064998732,395.67830148619953,266.3816560509554,10.04654489133789
6.992231251999328,405.1344672928831,271.67919099602267,14.646644521587067
7.026445162999153,411.19101320045456,270.3324591310429,16.387820352492586
7.060669219999909,414.28125,263.72961566091954,14.816583909517382
7.0943522220004525,415.15115332428763,252.42777023971053,15.343210253450742
7.124245685999995,414.4690880222288,236.50709536568422,25.253889525699833
7.15819158100021,411.2363444268357,218.85229793977814,40.24534281424016
7.188034134998816,406.6340017248814,199.78719275549807,58.21743956293657
7.225913174999732,399.5106974753958,183.37056054771074,74.3456284572792
7.256327180999506,390.64079331521185,169.6470351354072,88.63664889346587
7.290327086999241,380.26749927388903,160.58127601897567,99.25978904012814
7.319942019999871,369.02092889908255,156.169246941896,106.37706704552092
7.358529233999434,357.0755739210284,156.45876951331493,110.26312774589603
7.388618617998873,344.71699647600974,162.23249299719888,110.6989160752793
7.421571609000239,332.71373969020317,172.2640313820157,109.2176310863711
7.452400357999068,319.2146591693795,189.92986090559336,106.02214494593953
7.485735140999168,304.7310702498821,209.96058462989154,107.22955413523924
7.520239298999513,292.1868791187174,229.39982295662438,112.1872080244692
7.554027901998779,281.16141804788214,243.62025782688764,120.40968995503758
7.584028444000069,271.53355066558,256.3671103866703,129.21777323286707
7.61782316999961,263.45928160131615,265.2510739420528,137.49228789655092
7.648038305998853,257.1606017865538,268.3392571697226,143.97697997872004
7.686305725999773,251.9726148409894,266.40429917550057,149.02584223203212
7.715775357999519,249.55737055737055,257.78338778338775,151.18703702827403
7.7500210239995795,248.61283764159163,244.84916255203794,152.67385363789177
7.780033928998819,249.53564427937687,230.83286908077994,153.57814528625374
7.814356957998825,251.6968312004875,213.61679869997965,155.43174575100622
7.848631013999693,255.10632885632884,196.41625966625966,158.00908402007772
7.88236243099891,260.74819177516014,179.8443893366398,160.1916286469357
7.912217204999251,267.44351464435147,166.0833831440526,161.75233527111413
7.946116371000244,275.59262427525897,156.3553844691569,161.043166629814
7.976204483999027,284.9965501165501,151.51990675990675,157.0765361301151
8.015163914000368,294.2981913597601,152.46349920344858,149.68889964808605
8.044055888000003,304.3881623559043,158.3340114307856,138.41714063433193
8.078181539998695,314.9833692639359,170.2286212914485,122.50402339182502
8.107926111999404,326.11088248742567,187.35333790580702,102.56534732563772
8.142218856999534,337.1864332122013,208.30161876445325,80.50094263900131
8.176582780999524,347.2904461037717,226.62598123683705,61.8327460524184
8.210402347998752,358.89260475763905,247.23350253807106,43.1421365462861
8.23997992600016,367.9583810614738,263.1602710958381,33.23660373079938
8.274350515999686,375.1957557773581,273.85037316788055,30.22209321803503
8.304282973000227,381.21204142531155,279.23415832894506,29.06847440933336
8.342459208999571,386.4331017281311,277.33680741136646,24.293690064930633
8.372166936998838,390.00296735905044,269.0505350238288,15.622985229006856
8.406392573999256,391.3983035048471,256.6845637583893,9.40172992226242
8.436008978000245,391.0487444608567,239.75824716888232,20.399157366631826
8.470050230998822,389.18612728572884,220.41945040351413,39.03686225596747
8.503940971999327,385.89382561535245,200.0950146015853,59.49419591594347
8.537596930998916,382.2786133333333,180.7456,79.14468184026015
8.56788395500007,377.0308436649531,164.63541981655072,96.04403263678998
8.602246505999574,369.8323074053348,153.78082447304607,108.42503826250255
8.636054372000217,361.80512684051797,148.39666489267339,116.03786611175367
8.669795511999837,353.26049609957045,148.93023051976508,118.68815287625229
8.70032945300045,344.52352297592995,154.97346827133478,117.10998645653912
8.734073309999076,335.7445599845946,165.96225688426725,112.43612975189114
8.763902071999837,326.80187706270624,183.1367574257426,105.01456910240191
8.802382693000254,314.6663004669047,206.74329396685891,100.03314282689554
8.831735036999817,305.84790874524714,229.96421955737543,98.86832388850614
8.865583679000338,296.0877694105427,246.5977668138146,105.24447515149058
8.896589104999293,288.30727554179566,261.72884416924666,112.50905679636628
8.930610241999602,282.1787245444802,271.99642729546264,119.42375879973319
8.96423790100016,277.29847908745245,276.79449574506606,124.913029162475
8.998097370998948,273.2074197428069,274.47062632991026,128.63410318567955
9.02824703099941,269.82367080088454,266.0503797711758,131.18636970461924
9.0621891589999,268.64388696655135,252.04209919261822,132.22186483908357
9.091963590999512,267.9841223169656,235.2773694011565,134.64148474257857
9.129956314998708,269.70255920144416,217.20038228735265,137.15925794234153
9.159995926998818,271.5895420727234,198.4571937545845,142.0964093916684
9.194008972999654,275.59301227573184,179.1981953625013,147.73738422094272
9.223840665999887,279.86886886886884,163.60550550550548,153.18546004165967
9.258155146999343,284.95563859346555,152.6206764395899,156.36479671616837
9.292243748999681,291.10960545722713,147.22354351032448,155.647512538296
9.326445012999102,297.58937329700274,147.00781108083558,151.31105542937465
9.355921858999864,304.6379800201631,151.96975529282375,142.88661582658432
9.389821748998656,312.5204836131095,163.72761790567543,128.90067731708203
9.419966684999963,320.70590121872993,181.11064785118666,110.78357280319389
9.45831610499954,328.137159004456,202.99260949896748,90.91402287969817
9.488438831998792,335.5781466113416,225.61080966060217,72.64115342590853
9.522015577000275,342.3116515837104,244.23227752639517,59.96602847080826
9.55170325600011,351.0179863147605,262.68533724340176,49.9750865313347
9.585625886000344,356.73314866112645,275.9211449676823,47.63173739807049
9.620071936999011,361.360604434907,281.76278612303287,46.14990399021626
9.652906483999686,365.1594977290943,280.9837919672277,42.5222555136417
9.684197485999903,368.1143624161074,273.44411633109615,36.22717706563732
9.717770821998784,369.957444869692,260.23364315655186,30.890533709966082
9.748029233000125,371.1634643807272,243.39797024337372,32.85954017526576
9.786297308999565,370.76542429985255,223.74563065908612,45.299466898671575
9.81597517499904,369.5870890485521,202.37491835401698,63.50039833874316
9.850034177999987,366.5385925689343,182.08836367507718,82.99431393781718
9.880138241000168,363.8519659172569,164.85792013140335,99.9089980015554
9.914727825998852,359.6814445368061,151.95123302853978,113.4470183436151
9.948100554998746,354.5200034713182,145.47774017183025,121.37489574895899
9.982109430999117,349.7021494370522,144.30254179460934,124.36094091446594
10.011934879999899,343.931225159841,149.02280974598239,122.63670305862266
10.046372652999707,337.7198541783511,160.84240044868199,115.5622755292688
10.080188312000246,331.4018568977697,177.59955595922895,105.95008887855822
10.114405713000451,322.9907117808738,201.35807032508765,96.0245694584824
10.144160787000146,316.5744120032441,226.18755068937548,89.87766387295535
10.17847423999956,309.9946364195902,244.45388200123097,91.71223875146826
10.208599305999087,304.0078271226816,261.71413986727924,96.81956274387684
10.246542974999102,298.3430902514929,274.1453444360333,103.71248401982916
10.276319018999857,293.7276885896772,280.207664422579,109.35675994225197
10.310400450000088,290.4536842105263,279.565,112.43601403095575
10.340077775999816,287.8883337959108,272.3722823572948,113.80505327187737
10.375022735999664,286.03769505546154,258.903083286332,114.71293942923079
10.408463047999248,285.19559636650865,241.0824447077409,116.7384435339361
10.442042552000203,285.1940072286347,225.3635303719249,119.99134427624945
10.471908286999678,285.62677217276627,204.1073744367513,126.98375083058079
10.506193655999596,288.3281899759247,182.98216239877434,134.98535591843938
10.535752607998802,291.08881235650176,165.88405343352116,143.0230972336649
10.574155192000035,294.16571600120085,152.78605023516462,149.55667534118123
10.60435699899972,297.38810464897415,145.96414455110107,152.21285384157758
10.63820348199988,300.8213188798554,144.2177958446251,151.20906509684264
10.668068783999843,305.20825035561876,148.80512091038406,144.86733463481013
10.701909830999284,310.7457506361323,159.27338422391858,133.37437968838353
10.736377306999202,316.14386078685686,175.26967142239513,118.12277334021141
10.769771856999796,320.99570247933883,196.80870523415976,100.34105597047635
10.799756751999666,326.55239484561145,221.46243617797228,82.57144953697724
10.833780523000314,330.7341075794621,240.03168296658515,72.2067803575484
10.863826307999261,336.23994568055986,258.0063720881646,64.50514165047967
10.901561615999526,340.78408982776665,272.258825768389,61.70108144405235
10.932066018000114,345.1479338842975,280.9050505050505,60.24254175232008
10.966085234000275,348.3993254944854,281.7088688360222,57.585983897272186
10.995979047000219,350.9567537208649,275.7729102312084,52.96436036326743
11.030283891999716,353.3347338935574,263.6922769107643,47.78610007782283
11.064031418000013,354.15122438780605,247.49695152423786,47.69849652833859
11.0982264510003,355.3045848028214,228.59623811050548,53.96435079984885
11.12774931199965,355.77038744374926,207.5310064756887,67.38090160128232
11.162410655999338,355.30292246306476,187.15960314892698,83.91492214054848
11.191893843999424,353.7143453312467,168.41210224308816,100.92183392523631
11.230282239999724,351.7996682279469,154.13690476190476,114.55187992481149
11.260238871998808,349.49500046724603,145.6900289692552,123.18306212769618
11.294122837998657,346.7234136439855,143.00882534639481,126.78208309495213
11.323797490000288,343.72677595628414,145.87908751843176,125.52392505104808
11.362290547000157,340.2427735089645,156.2520124405415,118.12428732407625
11.391612937999525,336.2920232123536,171.4682797285335,107.66170851169453
11.426154200999008,330.4159462055715,194.21450528338133,94.74836961831791
11.45559990899892,325.70765027322403,220.76849516603613,83.63544534124296
11.489452615998744,320.8184201012292,240.59643890093997,81.73674667449549
11.523620869000297,318.12426739926735,257.0121794871795,82.62303315928762
11.55825101299888,312.4019607843137,273.7345588235294,89.7847460740414
11.587934330998905,308.3587974371612,282.25045178248723,95.59042707963154
11.621929106999232,305.1269285297306,283.18930864815275,98.95504007051197
11.651916243999949,302.7917448405253,277.3650495845618,99.905957564159
11.690602765000222,301.03825757575754,265.13200757575754,99.98229188759719
11.720065870000326,299.4922585156328,248.72270502447307,101.64985198510558
11.753606214999309,298.5390845070423,231.63779342723,105.47735739609892
11.783786545000112,298.1356632844795,211.60779155705873,112.4881805739327
11.81831748500008,298.73785507246373,187.3500289855072,123.9164584175964
11.852299234000384,299.8410326086956,169.63405797101447,133.93336277700587
11.885326970999813,301.22048,155.91968,142.3567822762775
11.91548584100019,302.488401934656,146.83279044516829,148.14552570761725
11.950580963999528,304.3680079483358,144.55350223546944,148.63338641968718
11.979870105998998,305.96666666666664,147.12079689018464,145.6430328908133
12.018042874000457,308.85960406634564,156.29705724986624,136.84508571825722
12.04792984300002,311.95575221238937,171.12253233492171,124.01657320053653
12.082581040998775,315.6245601261983,190.66521053270233,108.35057047906109
12.111929595999754,318.95154072369263,215.02608362102032,92.25855528279509
12.146383997000157,321.43245673184987,234.92369071701503,82.51917261558803
12.180023061999236,325.24978127734033,251.99956255468067,75.70996296447036
12.214624956999614,328.2848540518473,267.4532557664829,73.11220108697786
12.243926257999192,330.89522733691047,277.5036242116163,72.60064063795114
12.278063961999578,334.2705904653587,280.398161311724,70.24031657300301
12.308221700999638,336.9496308756191,276.263339874778,66.43905203950709
12.346240861999831,339.87879717704817,265.32668507722207,61.34081580190528
12.376385072999255,341.20025715204116,251.5391621129326,59.862615975950405
12.410154208999302,342.34759835060737,235.33756826033655,62.53422759513637
12.440057263998824,344.9660974067046,216.042504743833,69.62083411738982
12.47413110100024,346.101253132832,196.2593984962406,82.22865161033778
12.508408768999288,347.15689131754704,175.09034608378872,98.47313429709095
12.542195650999929,346.62477598566306,160.66778673835125,111.1095764070572
12.57193711599939,345.70235173824125,150.03169734151328,120.92713064974116
12.606304863998957,344.9339278864595,145.55571538166473,125.26964153275819
12.64022286799991,343.54716981132077,146.0742513845865,125.43188752406799
12.673985282999638,342.8157944634054,153.08494501327266,119.58794714929631
12.704231748999518,340.9083259083259,167.3298683298683,108.3890717080824
12.738159004000408,338.8089595676125,188.48934622180644,92.88129969459939
12.768127757999537,335.5318421870146,213.35249042145594,78.86637868738727
12.806356817998676,330.886232264845,234.7122963741461,73.54502093996757
12.836524631999055,329.1962089690245,253.59546925566343,71.66615630217515
12.869990940998832,325.3760454730004,271.1564758424685,76.55915098628529
12.900141529000393,322.1252055438102,281.25855453762426,82.07131581693311
12.934311655999409,319.02686638136,284.50634014899344,86.0000818835968
12.96840580099888,315.8602043359083,280.22792590746735,87.82120408120335
13.002374781999606,312.78570202540334,269.02737727428763,88.68429994599569
13.032250893998935,310.9507221750212,253.3912961389597,89.89726712639242
13.066313216999333,308.9070658199778,235.90988811611732,94.3883579561191
13.096232902000338,307.9175020163613,217.25198755617006,101.25884645796606
13.134410855998794,305.9739714525609,194.17495801847187,114.09478099739042
13.16390642099941,305.75499946529783,175.0983851994439,125.88484437500259
13.198170620999008,304.47766223762756,159.56239168110918,137.4752375837211
13.228077767998911,304.0836471221087,149.8919670073516,144.80039441195527
13.261953004999668,304.7311827956989,145.3586599129121,147.78514692443125
13.29645139799868,305.0681898689337,146.56340772228126,146.65128732867618
13.330042744999446,305.5342920353982,153.68740781710915,141.01354523638994
13.359978610998951,306.29105928085517,166.21448007774538,131.49950860772242
13.393986979999681,307.15102579727807,184.312309567337,118.93840510121531
13.424085423999713,309.0232873851295,206.06787802840432,105.25802095763463
13.462326672999552,311.78200808625337,227.90610961365675,93.8207632952318
13.492008244000317,313.8577926015767,245.98534465332523,87.67355965670336
13.526106080998943,316.7446631261064,261.0262417994377,84.0653201954861
13.556099109999195,318.30090605627083,272.22222222222223,83.71170625862356
13.590852008999718,321.2552186643997,277.03230376877303,81.80486452953629
13.62418776800041,324.57710574779486,274.76640496268294,78.05455714225874
13.658513561998916,328.1326346988462,265.64708373028475,73.0447003485539
13.688208646999556,330.58190380087456,253.4196658818253,70.29328848887229
13.722144501000002,332.54709201388886,236.85199652777774,71.31450498419412
13.752074938998703,335.39639639639637,219.58509861212565,75.65420984110361
13.79042164099883,336.9562520404832,197.86102949178363,87.46622807436695
13.82031555299909,339.97402459711617,178.60496183206106,99.74970548412297
13.854432408999855,341.579177353472,162.70295430796997,111.92002396677834
13.884123875999649,343.1731729055258,151.7000891265597,120.63037686903351
13.918239615999482,343.7345819623724,145.84299333502065,125.5525370633208
13.95239600899913,343.9035894885186,145.95109011025448,125.37952619437146
13.986567394998929,344.38421444527177,152.18656407710762,119.62779962672415
14.016015532999518,344.8524133124237,164.6314688970204,108.56690233630931
14.050161987999672,344.5934873020086,183.32988231129988,93.1918634897868
14.084273991998998,344.0910681399631,204.55828729281768,77.68058269436199
14.118190776998745,342.05240526740124,228.1393890531219,65.71857024734473
14.148153264999564,339.9487649471938,248.97800471327574,61.41892886636131
14.182183572998838,337.6765027322404,267.2999579655317,63.79344060649051
14.21230091399957,334.87792207792205,279.3038961038961,69.31711530251798
14.25039331699918,332.44705498449986,284.82493065752976,73.48445173194018
14.28028571699906,329.1246806757313,281.9622579316028,75.61581052333815
14.313921753999239,325.21325104997,272.7447501499957,77.01375234532809
14.344174116000431,322.4354544582013,257.96352816969,78.3093569082609
14.378241233000153,318.59468279105477,239.63192244937133,84.1144730926117
14.412392283998997,316.3032778301393,220.71578175725205,92.18770942012878
14.446264799000346,312.96493856757564,198.77025272200578,105.72912746237472
14.476358269999764,309.7115642351139,179.51062607696727,120.00618323156523
14.510243998000078,307.59986734887246,164.7832101572863,131.56951662171753
14.540187570999478,305.37587301587297,154.41043083900226,140.58847169732667
14.578190645999712,304.01792019774007,149.51403601694915,145.1258084995252
14.608204640999247,303.0830242006712,149.30710121886594,145.90425924067765
14.642119332998845,302.1332777623413,154.4514216912105,142.77832161068147
14.67224979599996,301.243429347299,165.28561730191058,135.8011747379002
14.706201655999394,301.1366239716755,181.34624596480265,125.50900911845123
14.74045677200047,300.6546133333333,199.71989333333332,115.67344547334321
14.774202650000007,302.02089792169016,220.97106441612127,105.33650572653559
14.804089133000161,303.2816281628163,239.02563256325632,99.23680696110236
14.83817515499868,305.0425,254.80770833333332,95.7457630313201
14.868211975999657,307.16687422166876,266.3646741386467,93.9772552353869
14.906333234999693,309.28949447077406,271.102093206951,92.43080706494888
14.935894754000401,312.36076201875125,270.9435467783762,89.36945341521361
14.97028054600014,316.1828703703703,264.1131102693602,84.80390259071376
15.000152442000399,319.7981591058514,253.0329826868288,81.081000106677
15.034109614000045,322.988030928927,238.9426967482258,79.98819155862007
15.06819528899905,326.438567674113,222.44196233026716,82.24903581321261
15.101939217000108,329.8557692307692,202.50558312655087,89.84585133499849
15.132147837999582,333.6631547260686,184.20670278948424,99.50895193501138
15.166015486998731,337.25371491469457,168.1596954687213,109.77065939821505
15.196255528999245,340.40016400163995,156.9391553915539,117.45370456443908
15.23442277399954,344.1094527363184,150.07399510384585,121.62299984740847
15.264015974000358,346.690099992367,148.66025494237078,121.70797079650634
15.298229456999252,348.4145454545455,153.2187121212121,116.85887117501093
15.328053368999463,350.248200312989,164.22707355242565,106.24577983725935
15.361972447999506,351.36635071090046,180.52322274881516,91.62622056925697
15.396140319999176,353.74176107106075,201.55149330587022,73.22957182187002
15.430140292999567,353.7845083566641,224.45041147026384,57.542690885796354
15.460182037999402,352.85965732087226,244.56604361370717,49.65485486002731
15.494109725999806,351.44256860931233,261.9158957755165,49.481238813004566
15.52829138099878,348.49174272055626,274.7364913805592,54.95796731797283
15.562057938999715,345.65124607176784,280.94979171234377,59.795738371588605
15.592109494000397,342.36620881182915,279.29032500187645,62.24063719284762
15.626157339000201,338.4835725677831,271.5575757575757,63.78304302835749
15.656205077999402,334.1830293276108,258.5709048640915,66.5669781386465
15.694403952998982,328.4594762538837,241.73679538393253,74.02784885389035
15.723993178000455,324.3807963459438,224.34763181411975,83.33172051472614
15.758221946998674,320.10560303893635,203.3491927825261,97.24850083441501
15.788183078999282,315.04692028985505,184.50878623188405,112.70262225082153
15.8222526440004,311.01621863799284,169.53870967741935,125.79589428535512
15.8562682519987,307.0435979399751,159.82898241875333,135.49811534098842
15.890093574000275,303.2472236911687,154.63167636171337,141.8802430833828
15.919965715000217,300.02438809649584,154.0072195809121,144.56121719037844
15.95375663699997,297.53508771929825,158.22121710526315,143.35052203167774
15.984176538999236,295.48038377505463,167.48864823786454,138.63503345387787
16.0222968449998,293.5453913388955,181.2557608263806,131.6672192361203
16.05201628299983,292.33416174795485,196.98684891788338,124.25613316162547
16.086104226000316,292.27396627396627,216.13617463617464,116.16315576827901
16.11595805199977,292.5100401606426,233.1700516351119,110.98055876867805
16.150142431999484,293.9251903343264,247.20412666887344,107.33419436929465
16.18431774199962,295.8514422034266,258.00108436347864,104.89336074982944
16.2183246149998,297.94263169119216,263.85519300490506,102.98550485420218
16.248185809999995,300.50991100323625,263.8030946601942,100.41974643312757
16.282206148000114,304.18049680008676,260.1396029938171,96.59455311598879
16.31197844899907,308.829914251601,250.17269076305217,92.22266787525461
16.350181208999857,313.60326145263383,237.41744448020597,89.47178016615833
16.38027265999881,318.7991382167716,222.94188487459948,89.01440507853489
16.413935335000133,323.53703133025164,204.9995891114535,93.48227968556535
16.444001674999527,328.2173155142359,189.575246949448,99.508638973841
16.47795161799877,333.7333148712268,173.83273331487123,107.35548782225744
16.51229982699988,338.6577469441691,163.50685497191938,112.81941729978169
16.545944990999487,344.10076797765885,156.9840198588162,115.55694419845696
16.57601103199886,349.65547235458735,155.03902881778987,114.67595419583476
16.610024330999295,353.7519276393831,158.09363879003558,110.14038463099071
16.640095798000402,357.4845550945136,167.7709389887813,99.7983955566025
16.678244851998898,361.8051051800116,183.26191070092293,84.01299345411219
16.707938204999664,365.2019836136265,202.99991375592927,65.23812653807964
16.74206924899954,367.33519458544833,223.23274111675127,48.00600465684969
16.771994208998876,367.6013116754366,241.61656371539692,36.841985826686845
16.81008517099872,366.1768987776404,256.2845076225793,34.59670214641904
16.84001703099966,364.0348067045147,268.63294133549607,38.301337163633846
16.874129814999833,360.74863163656266,274.68199233716473,43.449354886909404
16.90406755299955,357.03070081055876,273.8890323506205,46.613072239342976
16.93793619399912,352.39003317133376,267.1815937668749,49.27404374401801
16.9722144440002,346.94511077794436,255.2647009828419,53.85463686307524
17.006051616999684,339.3698506482849,239.4332840965042,64.03689726485464
17.03597962999993,333.63758389261744,224.63963460104398,74.81112548384671
17.070010747998822,326.9829895041621,205.33731451321026,90.46114140367936
17.09998742099924,319.9959277169763,188.78942903198438,106.15931889870822
17.13820847599891,314.15141557128413,174.9685709470846,119.76567587652474
17.167897096998786,308.66934786369137,166.01133021968516,129.94505263495958
17.202019669999572,303.0887215441876,161.46542023716782,137.1089682348181
17.232022053998662,297.5028871391076,161.22152230971128,141.30836031747938
17.266084947999843,292.72049689440996,165.53407147357996,142.00287541696312
17.300542990000395,288.85778025655327,173.45993679122512,140.05714576657226
17.33379823299947,286.05298900047825,185.05891917742704,135.7634279972564
17.3640621859995,284.0503221847192,198.35788074051342,130.91867149793214
17.39805691699985,282.93405889884764,212.7839308578745,126.0843432109581
17.427946911999243,282.0156760287394,227.43392118441105,122.52715152555407
17.466092585000297,282.3743523316062,239.2345639032815,119.80257709437093
17.495974636000028,284.38565629228685,249.56359945872802,116.64326941039327
17.530095224999968,286.66005756315957,253.41903848203813,114.16484584197036
17.559819721998792,289.83592510314185,253.92044853485663,110.97304685008
17.594051863999994,293.733045690895,251.05918796327026,107.2175676258648
17.62825687700024,298.5233927606699,242.25867098865479,103.38157630866607
17.662198501999228,304.36759384893713,232.6970827679783,99.56871980170338
17.69206762399881,310.84940720474236,220.04856361149112,97.46376997163554
17.7259946209997,316.7481527093596,204.11442939244662,99.63643328666048
17.755858279999302,323.60146355192796,191.19063702035837,101.85930459283495
17.79404753400013,330.63676268861457,178.6832190214906,105.63934626863121
17.823754802999247,337.09741172579174,169.7830976598032,108.54200081070874
17.857915917000355,343.9356973995272,165.45216706067768,108.34199650105633
17.888005683998927,352.0608639273847,165.5923494610584,104.18733769114084
17.92194761599967,360.16374417619653,170.656416772554,96.04379356791345
17.956387297999754,366.68324361274887,179.2951379988037,85.48928209055171
17.99051615299868,371.8140753681058,192.51850927543464,71.31876130054624
18.019550093998987,376.1101470831267,208.55197488018507,54.98144521227809
18.05393754800025,379.18641652814057,225.6650835114383,38.6181744951246
18.083989648999705,380.6427167503822,241.68988862196986,25.701974155962926
18.12213709899879,380.941577136437,255.0551927533179,19.979435302385536
18.15204263799933,379.72055475056925,263.854688470296,21.90453171603719
18.185845481999422,375.9945680975092,266.6043322734499,26.30085051466155
18.215868809000312,371.28157858801035,264.7118667212891,30.284318710524055
18.254214147998937,365.6558747855918,257.4022298456261,35.089827440298905
18.28411335599958,359.0360236069594,246.79589177588716,43.11168127457177
18.31799828899966,351.7928973277074,235.26714135021098,53.84931434602141
18.3477987389997,343.7062482329658,221.14192818772972,67.75158467039167
18.381764457999452,335.54938815467443,206.5696524718551,82.8571610743024
18.416201557000022,325.47535685429574,192.21599784540803,99.77154483024803
18.449941753999155,317.218385134024,179.19388258510114,114.63305900779646
18.4796906069987,310.092864855885,172.06204834288562,124.70997114436699
18.513738624000325,302.80181103707497,169.67896805057234,131.6871227738976
18.54375921599967,295.92317191496863,170.59407250595396,136.29367889069536
18.58210653199967,289.4837343426151,175.53509957646207,138.31479331000986
18.61180354299904,283.72716357255007,183.25787383393367,138.69227503625672
18.646182196000154,279.39203951743133,193.33067350622207,137.3701894626203
18.675957870000275,276.9793018226753,203.76953969725054,135.00715947329442
18.70987405300002,274.7437403400309,215.32179289026274,132.93825681401603
18.744046435998825,273.34087855297156,226.27483204134364,131.22335723041195
18.777837591000207,273.0756963860412,234.54085119602362,129.75329155284072
18.80765438399976,274.3058440236204,241.16768478924863,127.51556624927244
18.841664909999963,276.8135907504363,245.3495855148342,124.54526184621305
18.87170100000003,279.93613965307696,242.40691636283282,121.7731222912682
18.91020334699897,284.4999464954521,237.23691813804174,118.03284071225961
18.939973312999427,290.03648600779314,231.78663360491203,113.70158571939879
18.973924353000257,296.4148739301411,222.6852879944483,110.05041748682677
19.004070766999575,303.30794316328905,212.2834847426042,107.5037734270301
19.0379593939997,310.27713765918736,199.35607438851827,107.65236458921241
19.07204776099934,318.76257816257817,190.10918710918708,106.25601055597264
19.105741452000075,327.6764735017335,182.46448736998514,104.88182945741468
19.135885593999774,336.05141147878106,177.76247896803142,102.84036231368997
19.169964516999244,345.1161889309536,176.563187308455,98.38010382201006
19.19991953799945,354.5060775441398,178.3227752639517,91.86767734276438
19.23807880899949,363.21770644576753,183.70144102165847,82.97541510363301
19.268051449998893,371.4070932922128,192.99477426539877,71.0507805692884
19.301983344999826,378.303276003276,205.27944307944307,57.02755802416217
19.332040158999007,384.57475056956554,218.71820252965668,42.20784056522069
19.3660380959991,388.84655367231636,232.45062146892656,27.917560698195345
19.400090414999795,391.6093716719915,244.70358537451187,15.890565333205105
19.43384343099933,392.37488875196823,253.22858903265558,9.491854198002033
19.46390262499881,391.36448291691255,257.5014755065906,9.382133316343307
19.498069563000172,388.2865096934326,257.8432950962635,12.458635110672166
19.53227876999881,383.27353083350596,253.29673365099094,18.01865842352098
19.565770163999332,376.52096890817063,245.3408532176428,27.196869267479105
19.595866744999512,369.82855967078183,235.75325102880657,37.91714022438591
19.63001802100007,361.67753150804,223.5346371142981,51.90277491697036
19.660158352999133,352.34882026054476,211.02523458139746,67.24002057853588
19.697931671000333,342.76398148148144,199.5273148148148,82.13696719934389
19.728114129999085,331.4069164754864,188.2445407426289,98.14567046100473
19.762190530000225,321.37229334597754,179.48869922554132,111.4354883422181
19.791801809999015,312.3848603625674,176.36820186183243,120.09677656183229
19.825867274999837,303.7668817204301,176.92301075268816,126.21616510899216
19.860112070999094,295.56856622430394,180.61661896088125,130.40214247407584
19.89405740700022,287.59488272921106,187.82906894100924,132.9871773024885
19.92407971600005,281.211716722284,195.4292732665925,134.7829522074392
19.957813992999945,276.3851277462968,203.9648076349538,135.47448537842095
19.987923059999957,272.26932440657333,213.88821261919253,135.74179982686897
20.026256398999976,269.16651305683564,222.8995391705069,136.10372335351065
20.05578745799903,267.5995232419547,231.33114819229237,135.73203469415208
20.08995146199959,267.36275671406,235.9529028436019,135.14382954224394
20.119755882999016,268.1629651860744,237.82092837134851,134.0643419791019
20.153935635999005,270.01059730250483,235.18090344679936,132.66009873202108
20.18777978899925,273.31887866841873,231.79555409548837,130.03310772765442
20.2217880850003,278.00992720052943,225.44904037061548,126.90254599520276
20.251662441000008,284.00679801820485,218.65433805737987,123.09627711209292
20.28593935400022,290.834036074022,210.28402436167718,119.70432182558828
20.31547097099974,297.45187053383773,199.45912147961326,118.58346184841446
20.354217027999766,305.5203615415177,191.5847238776321,115.92942692480494
20.384296383999754,314.82804074295984,184.1779508687837,113.08397627552856
20.417352057000244,323.8876113825812,180.1167960141803,109.21099422715223
20.447846338998716,333.4308631847598,179.04347826086956,103.53209852395904
20.481930539999667,344.3636885952313,183.3086277889495,93.3474431583623
20.516300089999277,353.9738470191226,188.969441319835,83.13959004945247
20.55005248999987,363.319877178723,197.35410457870495,71.013657313415
20.579649424998934,372.53740593182823,208.601593625498,56.6292492654005
20.61383965999994,380.97886260694514,220.5723871833585,42.06634817364557
20.643686080999032,387.8174584036653,232.72896069447793,28.12393315600164
20.68189349000022,392.5658622979854,243.37687255553095,16.498812299556683
20.711866818999624,396.25905718027064,251.21555361559723,7.8894528643525295
20.74589951499911,397.1575945017182,254.91168384879722,4.546759557345414
20.775543792999088,397.0869351324759,255.46096001124462,4.291497457391834
20.809615713000312,394.70683084139546,251.13859571973026,8.920889361602013
20.843967720000364,389.8535790112223,243.85941765241128,17.616362822230393
20.878062948999286,383.66642017911425,233.35584586311722,29.741968057887593
20.907952923000266,376.000927565562,221.8460241167046,43.56803044972708
20.9417671909996,367.4287623630045,209.79782589325492,58.35340160460045
20.97606060599901,357.9055766793409,198.48904580843742,73.08765804431492
21.00977192800019,348.1749138011368,189.40490168670206,86.18922854820765
21.039682454000285,337.2897137180529,182.34417050483154,98.51849483570163
21.07382743299968,326.22926705554147,177.20737171358525,109.69286532099835
21.103948754998783,315.83396385035724,177.35998318621267,116.89848097184802
21.142008380000334,306.52796602511967,181.64985994397756,121.08370377711256
21.171885406,296.63675213675214,189.98361823361822,124.19627344009277
21.20588354099891,288.5129677481099,197.93109388458225,127.15708924415873
21.235727717999907,282.41338336460285,208.00573274963517,128.34460811216613
21.269882440999936,276.1696780893042,217.72149532710282,130.83430396577555
21.303953824999553,270.6786941580756,226.6357388316151,133.72525124626605
21.337848868999572,267.1804449887732,233.31087977138188,135.77351131540118
21.36772769900017,265.38552860505575,237.61426670760412,136.8418670714438
21.4015785470001,265.1711711711712,240.67037037037034,136.63933587862863
21.43177705800008,265.91027215060365,238.182934315531,136.24018116998377
21.470060080999247,267.66449440642987,232.08352340610404,135.52404539514419
21.499811093999597,270.95620116650156,225.1181908220535,133.81679857692387
21.533792702999563,275.4469011725293,216.1293132328308,132.01544253140653
21.563813974000368,281.04507829977626,206.95906040268457,130.01219838744294
21.597953538999718,287.38413316039777,197.95449632511887,128.1436062492716
21.63193714999943,294.79111541357423,188.82166290201138,126.37698072392969
21.665972778999276,303.767706302794,181.43004115226336,123.37946092956179
21.69614929599993,312.8028183937275,177.43801652892563,119.06578495809165
21.729997729999013,321.98993633189565,176.16697473813926,113.36167118565844
21.760055130998808,331.77096114519424,178.99907975460124,104.6523070788838
21.798006775999966,342.71771674744207,187.01593968766826,91.4558496915745
21.828124161000233,352.30255783144804,196.4948537654132,78.06029387642269
21.861814193998725,362.05157041540014,208.3931104356636,62.68086226596252
21.891780599999038,370.74768250289685,221.350135187331,47.13329788805029
21.92588228400018,378.54634629229656,234.33216342692583,32.23487327184337
21.960095204000027,385.7561509942703,245.75075834175937,19.172217026559633
21.993951349999406,390.80133176654914,254.41308264786522,10.47412781431364
22.02393682299953,394.1084493117347,259.61601642710474,6.905361951741865
22.05796728399946,395.64254933091405,260.2372420049898,5.695277207237641
22.087802629999715,395.2992262750671,256.3952313279646,5.600693994711853
22.12599169999885,392.7195767195767,248.71300304633638,12.052830783299768
22.156146680999882,389.23577032214985,237.31347020530796,23.415840888211218
22.18993988299917,383.81183951280667,224.2913308257209,37.4599535992371
22.219871991999753,376.7201144650604,210.43829040893564,53.02261381161287
22.257588906999445,368.87985932896106,197.68253968253967,67.95703233503
22.28802627999903,359.9560895580004,186.8181818181818,81.78484752798455
22.32161255400024,350.8768453768454,178.6013986013986,93.51097374912491
22.351593258999856,341.9032391596812,174.6180275276829,101.8129855394239
22.38587696600007,331.18238613462313,174.97541313986295,108.08891799148023
22.420022637999864,321.4207953063885,179.13255106475444,111.65129517101845
22.453801100999044,312.2323518978361,186.96641835166133,113.30693785589277
22.48378536999917,303.01032791117996,198.37529047250194,114.33317058522512
22.518089401999532,294.7715325515568,210.19355708316482,116.13644452507054
22.547425528999156,284.83181072850783,221.21398453970485,121.52114725377132
22.58620284099925,278.3136656493727,232.32643834068045,125.0336012768195
22.615934847999597,272.81058166988623,240.20465765185662,129.12534242604846
22.649675951999598,268.9879604122028,248.2982348739924,132.09186687625942
22.67973304499901,266.7223217841497,250.43946634806846,134.21891068842868
22.713640377998672,266.3485896169465,247.23938096806057,134.8027435712382
22.747935985998993,267.13766145479264,242.6202130070247,134.45570588540994
22.78181095400032,269.0558820140569,234.78154165226408,133.66896106264485
22.811694068999714,272.78640059127866,225.1910569105691,132.02448601099394
22.845709314999112,277.28703347441325,214.0155187892779,130.96019362163457
22.875613231999523,282.90532857331743,203.02155229406318,129.909304831144
22.913759602999562,290.25455541855047,191.61748184682833,128.74660767297541
22.943932665999455,298.05059404618873,182.75904418635696,127.13400140897771
22.977679667999837,306.1959406713505,176.33554514702055,124.74194170111694
23.00755111000035,314.32800495662946,173.51672862453532,120.64666018038045
23.041669680998893,322.54621347644604,173.95241502683362,114.58450802723208
23.075742393999462,331.9023266528449,177.90762497120477,105.38976437111988
23.109865341999466,340.42424242424244,185.2020202020202,94.3151107412975
23.139786386000196,349.0539358600583,196.6862973760933,79.97062657017167
23.173806630999024,357.54043819312955,209.66991254170046,64.60682921481023
23.203471905999322,365.5107049608355,224.97980852915578,48.08755446740327
23.241850000998966,372.45485062101375,239.69889224572003,33.53434248609673
23.271731931999966,378.39995341253206,251.8546470999301,23.09786829084318
23.3072728979987,383.14377350143775,260.0816928408169,17.760229864473253
23.33553002499866,386.68232513479575,264.4662087303346,15.602649488044587
23.369913002999965,388.3774740458585,263.24766599447304,13.551794879873157
23.40352173700012,387.5511070670306,257.06058538064906,13.209055752752295
23.437817169999107,385.34907407407405,246.2230709876543,19.206047183889698
23.46787176199905,382.24872374257257,233.28161352414426,30.63719823770709
23.501753962000294,377.89737614362156,217.31020196789228,46.409078756309796
23.53155635499934,371.91923523630834,201.66630930045565,63.01849739815429
23.570219225999608,364.2436631944444,187.76623263888888,78.89149061243154
23.599737305999952,357.0836770231876,177.7953441481074,91.06021617456842
23.633988036999654,348.9358829084041,169.85033050047213,101.9937815283669
23.66382326999883,340.6110623353819,166.85425812115892,108.94974610300355
23.701455290000013,330.922195892575,169.12351895734596,112.79178156113674
23.731608805999713,322.1959423946179,174.6917901818564,114.2856482423177
23.766080887999124,313.65512013062744,185.29577793328664,113.25976292977457
23.79592332900029,305.00623647702685,199.26256841033472,112.16694138684825
23.830084780000107,296.695322539193,213.73978411719352,112.95677015611611
23.863717792999523,287.9447004608295,227.7408720311946,116.711933811642
23.89782962299978,280.95963628298955,239.90973608338876,121.09951279730822
23.927776668999286,276.18102981029807,249.8979945799458,124.8078296722912
23.962025316999643,272.4478637901861,256.43453891708964,128.3028236387506
23.991756928999166,270.5075574365175,259.1101370415155,130.24439990261666
24.02991784599908,269.60608984668164,255.3489868124799,131.1594772214672
24.05992473599872,270.98056904927137,248.37126995142262,130.09913505162075
24.09356749699873,273.07748272098945,239.01236813386686,129.02824781028377
24.12344843000028,276.9053192872935,226.93978410716608,127.60357357545088
24.157920285999353,281.35164835164835,213.72066205399537,127.23730580064833
24.191801106999264,286.05888580124383,200.10003969829296,128.34019453939825
24.225663739000083,292.7114203847728,187.57142857142858,128.8020709027121
24.25582839999879,300.01117685733067,177.76554898093357,128.59878643880202
24.289875456999653,307.3599006828057,170.9234016139044,127.48283626979412
24.319663338999817,314.4365954514128,167.811279577303,124.61977054549541
24.357886407999104,322.0467895030709,168.69491903964266,118.81193554153488
24.38739788499879,330.23971159179143,174.13089295618414,109.3421232588193
24.421455354999125,338.4417433201927,183.57862461673236,96.8322272027595
24.451570877999984,346.34304719670575,197.66497729912362,81.02113639864223
24.485469604998798,354.0246217739543,212.00375753980023,65.35615614945418
24.519747094000195,360.9349061967027,228.80775061588022,49.19248811763189
24.553600989000188,367.58412183473007,244.63764981526538,35.642443348599464
24.583605718999024,372.5542595472611,257.4459996543978,28.191326747681668
24.61757772099918,376.53948565285697,265.8856363185314,25.549648042545638
24.647462879998784,379.2737669764117,268.27495830355014,23.93097245859925
24.685739157999706,380.41334306095973,267.0044584954604,22.35651122865005
24.715565092999896,379.93592882794644,259.650097943193,20.899082871989883
24.749553994999587,378.210296010296,248.38361218361217,24.386293640450543
24.77941390399974,375.02986538290094,233.5433716680039,35.28550647985909
24.81349636899904,370.77031900138695,216.73647711511788,50.76359622022715
24.847788578999825,365.5688913302206,199.4439256614483,68.05717674280243
24.881605151000258,358.66285866099895,185.21891604675878,83.81661844415189
24.911419742998987,352.3106659638025,173.53162888771746,97.11406768383641
24.945623726998747,344.97771240082017,165.25309797628597,107.96968263193287
24.97608735599897,335.9990398882779,162.75360041895783,114.92566820998063
25.01387995299956,327.95294844632764,163.99991172316382,118.6567136423477
25.043547563000175,319.46762136359536,169.33783662073313,120.06180341003983
25.077960327000255,311.4746219782336,181.56226524125975,117.3326560386508
25.107632442999602,302.9857772435897,196.58844150641022,115.29135294826467
25.145981347999623,295.9749765405067,212.17443436555104,114.23549649316445
25.175810602999263,288.85148114447475,228.69457082195936,115.59274548922193
25.20982274099879,282.9221174323091,243.99908731365989,118.61688553486073
25.23980674700033,278.1495500782473,255.33587636932705,122.61774539321479
25.273948677999215,275.0991893180734,261.9707200762995,125.71755698300686
25.307594153999162,273.69600078224306,263.7948567517356,127.19421130240897
25.341545164999843,273.2795339412361,261.109726443769,127.51029227345109
25.371552474000055,274.3689700130378,253.6877444589309,126.43928267902278
25.405635995999546,276.9907276995305,242.7983568075117,124.64832442889565
25.4354244999995,280.4328703703703,229.28131091617934,123.62370912497931
25.47372790099871,285.10687219010913,214.60436737315348,123.40900143923248
25.503437117999056,289.27967603138444,199.7954948114401,125.6105212773267
25.53739508599938,296.04038485884286,185.7346499556906,127.05430569362196
25.56744624699968,302.2290067032297,174.7798903107861,128.771161656097
25.601648211999418,309.11095764272557,167.35094383057088,128.68843415124485
25.6357839909997,315.90247644093796,164.05577470962086,126.36655290587154
25.669447811998907,323.2304177545692,165.23226718885988,120.66398799248152
25.69962272900011,330.72669929309404,170.80500271886893,111.5986189418792
25.733639414998834,337.5883301096067,180.99000644745325,99.36812354972132
25.763653824000357,344.4369899311076,195.6567037625861,83.7892135290301
25.801784594999845,351.2668730650155,210.41960784313724,68.43992138844612
25.831563001998802,357.5362060425953,227.23476968796433,52.87192016193899
25.86569932099883,363.42207480049996,244.05470627824246,39.74055314710666
25.895636854998884,367.79596453130654,257.3219326818675,32.95066105654985
25.929613476999293,370.87453087683383,265.14994882292734,30.78346037982673
25.963780230998964,372.9127460794127,268.9476976976977,30.016280851073674
25.997752478999246,373.72003953545834,267.0549378140186,28.59578509718249
26.027320040999257,373.4244764847236,260.2669927909372,27.439688041282945
26.0616586670003,371.54132414036945,248.73738177318128,30.54920920797611
26.091780695000125,368.3198953823954,233.91892135642132,40.21405911605682
26.129792124000232,364.2479786843072,217.08857037853727,54.60549052790301
26.159208510998724,358.9744094488189,199.9535058117735,71.27465308532352
26.19367693300046,353.84698412698407,185.7726984126984,85.87059737488691
26.223661214000458,347.83428209993673,172.72314086925093,100.10772963599827
26.25774459099921,341.1661794667375,164.22482062184426,110.8525367225102
26.291822948998743,333.00491591203104,160.65174644243208,118.35605153913723
26.325588068999423,325.2605244996549,161.3313492063492,122.41681971456894
26.355672166999284,317.4289324618736,167.01281045751634,123.15320167442844
26.38993427599962,309.589683368128,176.8286360473208,121.86189079940833
26.42333473399958,302.25995635570104,193.2251318421531,117.71558709627266
26.457808604998718,295.4432427435755,209.7309114438898,115.71488967998611
26.48755341099968,289.0031754672473,227.42270005443658,115.77207735473543
26.52164616600021,283.1570545829042,243.0340714040508,118.49913507680054
26.551572350999777,279.1732145975205,256.28147372097084,121.5795183505981
26.589770571999907,276.66649159663865,264.31363795518206,124.25371553301053
26.619616865000353,275.67191251000264,266.970658842358,125.41514601415575
26.653628639998715,275.4455154686496,264.7908748737721,125.49901801602265
26.683760599999005,276.8942045896538,257.35861532477634,123.85067021678032
26.717739112000345,279.4478559001126,246.16835533722238,121.8440182593793
26.75193322300038,283.2779011953877,232.19813815719874,120.20409332113891
26.78571154599922,287.861398243859,216.8143825719684,120.06119190828653
26.81562320000012,292.5712813466163,201.12435589144624,122.07742629725969
26.849713428999166,298.8214948932219,186.82996750232124,124.14379292518109
26.87926856299964,304.2476221357544,174.45795503674879,127.44353587693584
26.91780377000032,311.05376013132246,166.71201395301117,127.76660562985712
26.94730232099937,317.5025502550255,162.97969796979694,126.10419019666273
26.981565666999813,324.4685903216111,163.68169522091975,121.07253284131328
27.011722622999514,331.7039028275587,168.78146156909597,112.57954354667756
27.045610995999596,337.8299279439344,178.22742078768138,101.36600138879699
27.07971748499949,343.85474860335194,192.6787219445261,86.40006794585531
27.113695182999436,349.82206235011984,206.80690647482015,71.99858400555837
27.14346285799911,354.8911185432924,223.1154775176514,57.43712430718778
27.17744211399986,360.22426436461524,239.6480089111668,44.36180476421405
27.207645901000433,364.4937419473587,253.89959506718202,36.44993384738235
27.24562343099933,367.10526774812485,262.6423338566196,33.99938612559237
27.275583372000256,368.4935585700879,266.79020561385545,33.50581501650826
27.309551895999903,368.974411289637,265.81985887953755,32.78973746897017
27.339464196000336,368.453459602423,259.467366265677,32.33893349872226
27.37336254100046,366.87203166226914,248.94318381706245,34.98746375752278
27.407852157999514,363.53611556982344,234.58649901908328,43.80598866325716
27.441732107999997,359.19939924021554,217.80775686898136,57.600799263669174
27.471583069998815,354.5898248393627,201.44010210368805,72.77423709917174
27.505721774999984,349.1604036186499,187.02192066805844,87.50508418702957
27.53564673099936,343.79892073602264,173.91516277423918,101.30983484804192
27.573890768999263,337.82663493742285,165.04732945531464,112.00117866389661
27.603646203999233,330.48917859577364,160.61724608043625,119.8416092395661
27.637537151998913,323.2469956532856,160.42188698542572,124.37859607852062
27.667802715999642,315.424132260019,165.20323725439277,125.8423549665679
27.701742220999222,307.7999825159542,174.9544540606696,124.44465813971561
27.7358180049996,300.85814644690623,190.82347113392777,120.21034689425746
27.769649685998957,294.635698808234,207.01697363669194,117.59432994902124
27.79987202399934,288.6288936627283,225.1628177586824,116.74304958591873
27.83363910799926,283.2496259351621,241.47190357439732,118.61097502245744
27.86760311800026,279.2857978279031,255.8081035923141,121.47341642156941
27.90185112099971,276.77262693156734,264.8892159267435,124.17969542906755
27.931748434999463,276.31638276553105,268.30811623246495,124.8788785344384
27.965675069999634,276.86574316082937,266.49102631120405,124.18975847659141
27.995462625998698,278.8655069210625,259.34698840254396,121.88992818351389
28.033638730999883,280.9610427650849,248.32024995118138,120.15049374471027
28.063654936999228,284.5973754846406,233.7781091559797,118.58612963054988
28.097235436998744,289.2389113950348,218.09317544406358,118.33276534813686
28.12735297099971,294.36352966282544,202.46308151941955,119.86935283663242
28.16163856499952,299.78509998963835,188.74821262045384,122.26179967179584
28.195387632000347,305.9399815327793,177.35826408125578,124.2723881410202
28.230004831999395,312.3972630718954,168.79452614379082,125.3413585187119
28.259330199000033,319.0337278106509,164.43974358974356,123.99684532617387
28.29388901799939,325.7924807578449,164.3330373001776,119.73424586644813
28.32343134599978,332.7559339525283,169.34303405572754,111.49186152098747
28.361641204999614,339.1287716068323,177.64723330264906,101.02416866170987
28.39178079299927,344.45606240126375,189.82434834123222,88.18326223351515
28.425588898999194,350.38664580073026,205.4885758998435,72.54348062584916
28.455629227999452,355.380893808938,221.40077900779005,58.10260060151378
28.489435511999545,359.32310290027806,236.46613031386568,46.54946702665854
28.52359567900021,363.0772150634302,250.20926980321644,38.40593897114818
28.557462415999908,365.4226628895184,258.99801699716716,35.34534875273497
28.587680781000017,366.68836183121897,263.25390696819267,34.504966335736015
28.6218233769996,366.6902865513137,263.1387897097867,34.48474344169365
28.65122408299976,365.94584837545125,258.0326761084884,34.8000731515214
28.689848668000195,364.0790897220667,249.03460175340422,37.67673554804319
28.719436072999088,360.97507788161994,235.41185633131755,45.59193707755112
28.753595250998842,357.03324150596876,219.77134986225894,57.87657880925907
28.783569506000276,352.2993636282155,203.57640942905797,72.64246542371478
28.817626770998686,347.5810338484179,190.25864606328182,85.8806225415083
28.851734547999513,341.58440375330235,177.79420606723147,99.4273146876736
28.88552458199956,334.7217148655505,167.2785388127854,111.96477329994924
28.91553228599878,328.212791536427,161.02909353209907,120.86044632926858
28.949734301999342,321.35120359037126,161.2859241126071,124.90035845858631
28.979436690999137,313.77475712303044,165.2417340191036,126.9383642936469
29.0177118470001,306.1003124486104,174.35479361947046,126.11469643742008
29.047780537999643,298.4760883380997,188.3813949793454,123.55039184306268
29.08152435699958,292.4568360181743,204.0613795952086,120.84673785643848
29.111633480999444,286.8077372019343,222.38369184592295,119.28630444681885
29.149284133998663,282.11715089034675,238.6373008434864,120.15005117611916
29.179792213999463,278.2778836987607,253.90125516364787,122.52559053804731
29.21371227599957,276.06361143752446,263.3215824520172,124.80717641325302
29.24336871199921,275.66754197501393,267.56759767645417,125.46501264587764
29.277334897999026,276.2002606075413,266.28911149116374,124.83953791671523
29.31164821799939,277.54418876104717,260.48240787060195,123.23148030134476
29.345321042999785,280.7816122467038,249.75161490133615,120.22619927627247
29.375445167999715,284.89095621586597,235.07386836989724,118.04333452635058
29.40952495700003,289.8293465577596,220.01575262543759,117.14391798731495
29.439214254000035,295.36493128698964,205.0507573477781,117.80237437970598
29.477587706000122,301.17498277728566,191.35892136600728,119.64946691120058
29.507416598999043,307.72268573698847,179.31366706396503,121.64862285931007
29.541617328999564,314.46648713345303,170.72371833233592,122.51442843913294
29.571582353999474,320.8659986246193,166.41408782788093,121.30441699978265
29.60562785699949,327.5102178523231,165.7390591864276,117.56340027917794
29.639708546999827,334.0559433485078,170.7859382903389,109.55563639942879
29.67361142899972,340.5120367595644,178.94835680751171,99.14986115451335
29.70331344799888,346.1432098765432,191.44248971193414,85.86113853551203
29.737438355999984,351.7236694248646,205.05649198079473,71.9374485649876
29.767350396999973,356.3036606505557,220.31273580095848,58.079521965827915
29.805429283000194,360.1706772261143,235.41425525434053,46.294122163344674
29.83542818999922,362.8963882163034,245.89729620661822,39.647388687434876
29.869332162999854,365.7029451921201,257.0892334698654,35.04686917700427
29.899408862998825,366.9822893363161,262.1117636092468,34.04835476523281
29.933345002998976,366.9609460946095,261.71626329299596,34.02063379831656
29.967662982999173,365.88039772727274,257.1315340909091,34.868721757938246
30.00132112099891,363.5001943634596,248.2932944606414,38.41520624074341
30.03134370599946,360.6431470208448,235.8649695628113,45.66331173808117
30.06519155800015,356.48935574229694,221.09943977591035,57.43295764243298
30.095656663999762,352.02999813676166,206.59949692565678,70.60426010582914
30.133789432999038,346.51076779026215,193.47846441947564,84.06221353457398
30.16366593099883,340.36769943019937,179.69123931623932,98.64907474300983
30.197520763000284,334.1697903294822,170.96166024818143,109.3469214930116
30.22761265599911,327.0979578553413,165.35993816613782,118.11681920176777
30.261469535998913,320.0843662204594,165.25161130391672,122.69410848919294
30.29535766799927,312.6262922262922,168.5916157916158,125.32423446956307
30.32940863099975,304.8904957017755,177.02546798425323,125.28890287753656
30.359757016000003,297.30676657584013,189.45292158643656,123.92666253821899
30.394260797000243,291.029231494578,204.26701241552726,122.03743613293219
30.423602671999106,285.1991570881226,221.80459770114942,120.99424613480795
30.461206287000095,280.20245489500144,237.6089174800355,122.20576250511948
30.491044149999652,276.8728658313182,252.02168974866268,124.00187412046358
30.52564160699876,274.60690777309367,260.99430515494413,126.18033571114708
30.555425974000173,274.0138545645173,264.7178162210739,126.92436439581762
30.593266138999752,274.5500114968958,263.8355943895148,126.34315616744284
30.623154599999907,276.48370510995096,258.08266097136527,124.2612536585763
30.657329079000192,280.0702442211876,247.69100710610144,121.08900877661046
30.686984923999262,284.5493749475627,234.13994462622702,118.56069214895805
30.72133173600014,289.61498639992976,219.76765815565497,117.4268198253031
30.755624035000437,295.1718550882942,205.23174949936282,117.89445119148918
30.78965245099971,300.88406185751313,192.56878519710378,119.22640327171369
30.819318632999057,308.20217186024547,181.1975448536355,120.07330321556177
30.853606786000455,315.23227360308283,173.62832369942197,119.92234700612417
30.883666763000292,321.7423719055843,169.9163308386106,118.10307429883034
30.92151846500019,328.5692204301075,170.19018817204298,113.43836989070486
30.9510486629988,334.76363109048725,174.31119489559165,106.33976596775652
30.985562445999676,340.8834129828753,183.09587813620072,95.65562962778777
31.01553653799965,346.7399098839996,194.6810468794938,82.99772493025439
31.049396974000047,352.0524682651622,206.72571697226138,70.49742850587056
31.08359547500004,356.52110374002496,219.53042976636863,58.42148043292607
31.117562039000404,360.4995592124596,232.49985307081985,47.486773599171265
31.147684858999128,363.3530630364013,243.38759001677025,40.039064237458724
31.18157990399959,365.31214935190553,250.77287676533177,36.10416950648311
31.21139977799976,366.40337186897875,255.9169556840077,34.38758324268587
31.249545828999544,366.72256496541405,255.46335763694145,34.09565451958353
31.27959318699868,365.3621281464531,250.23779557589623,36.161826019695646
31.313375947000168,363.1014073645652,241.89974937343356,40.82682973483534
31.343382356999427,359.8008620689655,230.6221264367816,49.09079265387204
31.377635281998664,356.0824372759857,219.26725484789998,58.9255741477037
31.411559987000146,351.46681234635344,205.60830374214694,71.71083901236497
31.445357225999032,346.0990548891312,193.9695565249,83.95499127956691
31.475532552000004,340.24888187319124,182.862580022801,96.23531897307346
31.509496609998678,333.56247456247456,173.19495319495317,107.96072639454444
31.539346958999886,326.7563348238801,169.04267670824507,115.47903891861841
31.577599075999387,319.6455828122495,169.41919191919192,119.88147578333822
31.607739860999573,312.18387200514553,173.65565203408906,122.09593743567481
31.641384088999985,304.35007541478126,181.5739064856712,122.83302432067897
31.671375374999116,297.1011684447347,192.96436606430072,122.20225001125532
31.705523213999186,290.77092119866813,207.9967443581206,120.68624075965016
31.739358471999367,284.4860807462469,223.77918670747704,121.10747036260032
31.773464222000257,279.3225328250741,238.08216857263872,122.99739731231784
31.803297397998904,275.46776117308633,250.25608643794286,125.49794289285627
31.837384619999284,273.42532604122846,258.3251998317207,127.32056763581613
31.87146750699867,273.2219348849545,264.4904184072674,127.70279936352694
31.905467777000013,273.5814890710382,261.95983606557377,127.2340297567273
31.93515126999955,275.29643939393935,253.47621212121211,125.51923538123471
31.969237077999423,278.748781054098,242.98908753192478,122.88008042530979
31.999231462999887,283.27688878274023,230.28341692540403,120.62590420648719
32.03755717599961,288.6685312314603,217.34002881600134,119.12348803136766
32.06754207499944,294.3815334025614,203.8656974731741,119.21337942762261
32.101333478000015,300.19525801952574,192.8461471408647,119.65334022234336
32.131394119000106,306.94371009801273,182.78320294937504,120.04992924327814
32.16541529099959,314.45971474449794,176.22773212430337,118.67495596265401
32.19965358300033,321.4788435764886,174.08615738081562,115.21847338771941
32.23338978399988,328.0241712047387,173.98586032291965,110.89311840388115
32.26335028199901,334.72048929663606,179.80764525993885,102.1141587634818
32.29727120499956,340.88895661891695,188.5362186325307,91.4719886267164
32.327348081998935,346.5481213582479,199.25527426160338,79.71020677410466
32.36546715700024,351.4423136405815,209.51902257964738,68.93964545651193
32.39559816499968,355.8293551088777,220.9056742043551,58.065657935533096
32.429677377998814,359.89211967973023,231.65644753476613,48.450846325255455
32.45973674299967,362.56663450198346,240.24412994532003,41.98161605071388
32.49331090099986,364.6747518166001,246.87073994473442,37.66192328166526
32.52771094899981,365.6377206253151,249.76056480080683,35.994544875027806
32.56164872699992,365.67015706806285,248.15901858125446,36.35031778765427
32.59082676300022,364.4265186152841,242.53222294796427,39.36025512826951
32.62517788900004,362.82562803462105,234.87850960523537,44.25973884263444
32.655081822000284,360.06925996204933,225.79854522454144,51.696698660805694
32.69331930499902,356.4743268628679,214.92068461699017,61.56636605352032
32.72307524499956,351.9506548888212,203.4888821200122,72.94051737344405
32.75712041999941,346.5078095238095,192.2375238095238,85.01600765650758
32.78699185000005,340.86210998261504,182.6918290785982,95.98440438968238
32.821188391999385,334.56353396691304,176.40795494544173,104.82971809156952
32.855563832999906,327.93485424588084,173.38749471905365,111.40390689877894
32.88930493299995,321.4718095734515,175.61662757362524,114.11747849864518
32.91924167899924,313.39060913705583,181.30659898477157,116.04974725610195
32.95333916299933,306.4450790497475,189.99337803161987,116.09199949747455
32.98326986099892,298.9707317073171,201.24178861788616,116.3876232887122
33.02147133699873,292.4611702948896,214.69383974062066,116.51307659366066
33.051207974000135,285.67858729453576,228.00222123500666,118.83791516019404
33.0850879239988,280.38099266779466,240.17103778905806,121.63395951249912
33.11503866499879,276.10714531325215,250.7606767072416,124.83060144729058
33.15324412500013,273.7268091645711,256.52591506007263,127.02305995007511
33.18309485700047,272.86115892139986,257.52710843373495,127.88335388974785
33.217834179999045,273.18189806678384,254.60017574692444,127.60029241339048
33.246915297999294,275.1442920320815,247.05899108012892,126.05055267857077
33.28115307999906,278.5047820633427,236.5126999059266,124.06319014980625
33.31525335199876,282.93582887700535,224.21900826446281,122.47543415393498
33.34917414600022,287.98545272134436,211.26394114204496,121.94850486111743
33.37913429699984,293.05926481620406,198.7463532549804,122.76937741741986
33.413289148998956,298.8585534435942,188.83230478071258,122.98090326190501
33.442908238999735,306.13208401231213,181.25783088900957,121.6380010488695
33.48129318999963,312.64974440331395,176.28988189670366,119.95516962755248
33.51099764599894,319.24095944337637,175.21285361164516,115.96516792178275
33.545151398999224,326.0394285184154,177.65636886538638,109.49322698491711
33.57517581799948,332.4084212527326,184.07119095143045,100.45836156635029
33.609350597998855,338.73612716763006,193.23265895953756,89.4529482224464
33.64322301900029,344.03942757009344,204.15138239875387,77.99707991688922
33.67700718899869,349.4087652760219,214.60535187526335,67.02990302294668
33.707064694999644,353.52272969232405,224.68902374108376,57.61946343908539
33.740970812999876,357.6053874221936,235.21624812191456,48.64935916722497
33.77105368299999,360.14676616915415,240.44504748982362,44.11468821261703
33.80926030000046,363.06257040450583,246.0774193548387,39.43529052996957
33.83893753600023,363.9354671638699,246.72550238243215,38.41180700333735
33.87326113400013,363.80431284196976,243.38204055358867,39.61998971006823
33.90330445099971,362.63027656477436,235.82420781547418,43.94879084863989
33.93730622699877,361.41943257750023,227.77335962317886,49.42076698032016
33.97167926899965,358.89948783610754,218.01131028595816,57.6772074591025
34.00555774500026,355.81308895101995,208.5428186807497,66.60206699079022
34.03553803899922,351.2086574905246,197.95282266108117,77.6158816490847
34.069308905998696,346.52152348867673,188.50711210930186,87.91244794792475
34.099192009000035,341.41902706591134,180.98929952342414,96.9790866453436
34.13739590200021,335.7306673728813,176.73508121468925,103.84154185758779
34.16782425599922,329.76873352045584,175.63060304499444,108.50763319995315
34.20120268699975,323.45873846920966,178.06756419845425,110.9745216608218
34.231375342998945,316.87421541551595,186.89271068708678,109.76666619454966
34.265450761000466,309.56370280146166,196.78936256597643,109.65741298836593
34.29942170100003,303.00211279050865,208.9119128880221,109.24472804347043
34.33320942099999,296.13893465129047,222.43837765748802,110.39068187998866
34.363261964999765,290.0999547715966,234.97972259912558,112.95429195182368
34.39739156299947,284.4505818235381,245.50603918102811,116.93197672208379
34.42705046899937,280.43147713533887,253.25282696820994,120.3952938770479
34.465343570000186,277.39640768588134,255.54274575327204,123.36694715389088
34.49510243399891,276.11836158192085,254.061511299435,124.67930201326557
34.52923779199955,276.6195330969267,249.83643617021278,124.37406815451618
34.55935965699973,278.0260596305664,240.8605043304974,123.86911308999417
34.59723398999995,280.3967537608868,229.54069675376087,123.59949284908346
34.62738354599969,284.2911801242236,217.04604554865423,123.347385830149
34.661168884998915,288.79386639330255,204.50726123355543,123.9476501309115
34.69104770999911,292.8583910319815,193.97115067589843,125.3056791902255
34.725398775999565,298.64076162458116,183.0112772738416,126.50867542725285
34.75931903200035,304.80017050298375,177.21278772378517,125.23754381433507
34.793267671999274,310.97035853745115,175.51979055733048,121.71253640143316
34.82313809199877,316.9309110927608,176.90558766859345,116.41906118793015
34.857224489000146,323.10899836742533,181.8403918179199,108.54877689278366
34.88712746300007,329.18568102444704,189.55772215754752,98.8171533264649
34.92526007000015,335.2177281416641,199.35204748968707,87.74349740097091
34.95518265899955,340.6095297674903,210.29173183192574,76.57877940697388
34.98921916699874,345.4476034858387,221.50664488017426,66.09178628284556
35.01962628699948,349.5741761210156,230.42009724473257,57.99058931578435
35.0531143449989,353.86338441473754,240.5647212259537,49.91643296258621
35.087524458998814,356.6986434108527,245.0482342807924,45.82843464861186
35.12123028899987,358.85666232638886,247.32269965277774,43.15545711504408
35.1512524159989,360.0711154941924,244.81065088757396,42.66853497620007
35.18526514000041,359.63491497205376,238.72327268402898,45.28057951237122
35.21524076499918,359.50144025809425,231.10657909897452,49.076546101319465
35.25313094899866,358.576365284387,222.2093813732155,55.11940377397083
35.28321262700047,356.7741647111409,211.8329422281819,63.54300571276016
35.31726176099983,354.02816295818553,201.34096528001717,73.20804211399609
35.34729572099968,350.61472392638035,192.23997955010222,82.45469540462963
35.38118555999972,346.78486293206197,184.06227651966626,91.29633789747784
35.41539157599982,342.3869149952244,178.53944603629415,98.35105669863778
35.44920155,337.2492151431209,176.26518928901197,103.26778218797396
35.47923968699979,332.4706454465075,176.58859416445623,106.02513708005155
35.51319135399899,326.76380852183064,181.50780291074872,106.20397396695586
35.5432216019999,320.86354878262387,191.76160448414782,103.5838088432829
35.581502576000275,314.49305035372447,202.4208905534748,102.44867624715452
35.611142739999195,308.4527687296417,216.79746095381273,100.95170931284453
35.644678390999616,302.1833537331701,230.3377396980824,102.29025609962672
35.67493206399922,296.44094368340944,242.0704718417047,105.46884230382874
35.70888068000022,291.60385712141675,251.44679573765566,109.3198631031329
35.743339102999016,287.3250905990194,256.2644780785902,113.42845681549292
35.77730912299921,284.1318445351084,257.1707823348364,116.61377124170684
35.80703235500005,282.62602689930935,253.97993456924755,118.17711445111695
35.841135245998885,282.28058877644895,247.05021465808034,118.94207167723859
35.871132295998905,283.3045325779037,236.6082782499213,119.31987025546289
35.90964180499941,285.0189898989899,223.83555555555554,120.58014550524182
35.93900031599878,287.6943887775551,210.2447394789579,122.60860083596013
35.97323925700039,290.4303145551066,196.52206639727436,126.14540280976418
36.002943972998764,294.23058369512785,187.19930857050971,127.73557561125718
36.04098144499949,299.03658637530003,178.28532406257762,129.04306670254965
36.071258400999795,303.8278889170254,173.36237022030895,128.47819892386454
36.10527720999926,309.1873911529084,173.03465691396724,124.70730492987003
36.13493893499981,314.238539445629,176.16648898365315,118.87786119736951
36.16922349599918,319.6574818216609,183.70962495216224,109.77496429882109
36.20330540199939,324.86262626262624,192.92987012987012,99.76964748359066
36.23696282399942,330.378732480195,204.7156205565712,88.0868929473907
36.26701410299938,336.0020576131687,217.7430041152263,76.08289259942859
36.30107881299955,339.65994579945794,227.37571815718155,68.19994250071804
36.33100368699888,343.53346203346206,236.16409266409266,61.132166181052895
36.36925759599944,347.70266914959655,245.5910407614318,54.40767405591255
36.399447871999655,350.8408085912824,249.82417351021266,50.52216990121122
36.43319919100031,352.89025840631416,249.60147042923558,48.53555731045254
36.463165002000096,354.2330461674398,245.48774022531478,48.08939180905044
36.49703565699929,354.4769553072626,237.68668528864058,50.412759894978
36.53153175599982,354.674569967457,228.80346350534631,54.385494152313676
36.565363001998776,354.3796606385353,218.52388926099573,60.70355830534122
36.595170415999746,353.23119715175784,207.0505117935024,69.4512558735865
36.62920689999919,351.19392573513625,196.11332904056664,79.04998125453729
36.65914987500037,348.7832966572356,187.32149219323063,87.48672598741912
36.69732450799893,346.0542611251049,180.16834592779176,94.88461606230132
36.72723435300031,342.7626291618829,174.95503252965938,101.04256066528328
36.761160727999595,338.84052037845703,173.5886098981077,104.44049072348058
36.79117488799966,335.02664137993315,176.03178903639483,104.83077385321776
36.825179112000114,330.53586719091305,182.62385321100916,102.79376428352708
36.859355112999765,325.47109875294905,192.76735760026963,99.41372706669515
36.89312574699943,320.5161740558292,205.8320197044335,95.53779966434332
36.92322085699925,315.1673903788846,221.6304810557684,92.87013573406306
36.9571703620004,309.9436164927968,236.4519788044378,93.25508808971578
36.987149025999315,304.8512519561815,248.15821596244132,96.36728056797897
37.025696333999804,300.48336822516865,256.8152283476777,100.2649760708351
37.055149740999695,296.5493536576253,260.79212433684523,104.24072902620968
37.08907314099997,293.63752808988767,260.3193258426966,107.13873766380894
37.119164720999834,291.55120663650075,255.27224736048262,109.22029904246885
37.153058764999514,290.3822055137844,247.36278195488723,110.84580480797831
37.18722141800026,290.2983048124046,234.56117940065877,112.84510513839105
37.22127800799899,291.2108468919482,220.72999582811846,115.60630578397202
37.25111873700007,292.7668845315904,204.87476801420155,120.209297660277
37.28480315100023,294.11679884643115,192.42329568212767,125.02506941463022
37.31956588100002,296.80841121495325,181.04640104935234,129.1486509016512
37.35276254699966,300.03268795574553,173.8436845193194,131.0561957611008
37.38290425099876,303.3126499544965,169.5083974518077,131.42203858685738
37.417090924998774,307.4225980144708,169.6728083459532,128.2918192601597
37.44698286499988,311.471429795254,173.71986635826266,122.569668630993
37.48512887600009,315.63401142041397,182.10554960742326,113.83846915411351
37.51509227399947,320.2504676393565,194.19145155256265,102.53469164667898
37.549112144999526,324.68073217726396,207.04980732177262,91.38777123948606
37.579164325999955,328.9111667187989,221.27473673235323,80.54343621975111
37.6130729359993,333.1893962302187,233.91321439371032,71.62242149534327
37.647252529999605,336.82442825338995,243.21797207043107,65.54130603046116
37.681028779999906,340.3617984308992,250.48340374170186,60.81301096263586
37.711134238999875,343.32605177993526,253.66727346278316,57.56019660808322
37.744966102000035,345.42076332711054,252.666562953744,55.552667493546295
37.77498854499936,347.0763334397956,247.59863728308312,54.61151776391404
37.8132377969996,347.9893368877041,238.59335776963232,56.11048622849744
37.84308007199979,348.94163716339443,229.26649501126488,59.095919523677196
37.87697074799871,348.895874916833,216.74506542470613,66.07618741863462
37.90695776099892,348.6589349885658,204.69345529783294,74.31836406220751
37.94115479900029,347.4171570145556,193.29420873335397,83.62216367793535
37.97526081599972,346.475952529669,183.87913803872578,91.6267514306745
38.00920030099951,344.90570442549733,175.7208688591149,99.19431675285907
38.03896967899891,342.5590416428979,171.16314888762122,104.28418546779906
38.073710564000066,340.10219114219115,171.2360839160839,105.61493342501612
38.10231418299918,337.46587737029546,175.79362787563767,103.50748177008292
38.141084892000436,334.07012987012985,181.96155844155845,100.90921601993479
38.17110569800025,330.3563394683027,193.15703817314244,95.5041342928776
38.20511680599884,326.5391282813274,206.98464586428926,89.8836551789451
38.23508151399983,322.7741116751269,224.61590524534685,84.70132921875627
38.26913391499875,318.4294714449353,239.06938307969236,84.39826516268221
38.30335925399959,314.56121514773196,250.78085726175613,86.46095178218695
38.337193949999346,310.3481517274704,260.4621083997745,90.43824348119205
38.36699710999892,307.8694663540112,267.3375257585447,93.37300590099231
38.401020178998806,304.1192941176471,263.464,96.79650733797244
38.43092098799934,301.59898965600195,258.30831529147616,99.14722792546956
38.46932577999905,299.6947190740294,248.85660316694796,101.43641615349955
38.499207011998806,298.85774304680274,235.89253003949247,104.19555539542995
38.53298635200008,298.6285013116696,220.64686468646866,108.63254689491275
38.56305421399884,298.7611221779548,204.25498007968127,115.14162104873367
38.597148765000384,298.8026723932236,189.7843792253241,122.49674865423
38.63100296099947,300.0265395311879,177.49829161700436,128.7530729578132
38.665141608998965,301.4441233140655,169.6768625561978,132.7014060718065
38.69504128399967,303.343737494998,166.09955982392955,133.7109487977797
38.728732546000174,305.8203808122906,166.50118493094712,131.6391913515441
38.763134257000274,308.57706004140783,170.8438923395445,126.64846533819761
38.796864796999216,311.67726522456775,179.8422378594388,118.30346721443529
38.827082668,314.5697601854328,192.62226976910046,107.99051893148521
38.8609371879993,318.63157894736844,207.52415798855426,96.23266523762254
38.890945002998706,321.9222089075294,223.05472338725784,86.10251766964876
38.92917197600036,325.287972508591,236.3168384879725,78.42936181673778
38.95922535699901,328.06287605294824,244.92208182912154,73.79721871179349
38.993097111999305,331.29185867895546,252.84628044766293,69.62233985131628
39.023089111000445,335.01084337349397,257.8885542168675,65.73379800680405
39.05728212000031,336.99590373783917,255.96251920122887,63.77231980845121
39.09136818299885,338.4586857514639,249.07774886141834,62.8804784496787
39.124948053999105,340.23838255530853,240.51646025193182,62.900360133238465
39.15509851599927,341.56631272121587,229.7127836768686,65.46496818002399
39.18918329799999,342.89002123142245,217.72664543524414,70.32405498629475
39.21905108499959,343.81140350877195,204.69141604010025,77.79399564637617
39.25735296699895,343.5186533212011,192.65878070973613,86.63670829344814
39.28688758499993,343.50395480225984,181.9497688751926,94.9498104473472
39.32111658000031,343.0825349301397,173.5119760479042,102.04663111527735
39.35133464899991,342.1232414181204,168.32001500656534,106.89380055999341
39.38557463699908,340.7960240406842,168.53398058252426,107.44974111860755
39.4189609139994,339.3839125930112,173.4139587454083,104.2604819822552
39.4531949659995,337.6568967048583,180.79660715871745,99.47401122668919
39.482402202998856,335.2293879615579,192.02031697858706,92.77293730480106
39.51688362599998,332.84528178778237,206.3261561047223,85.14794217447775
39.546954284000094,330.2809535801225,224.09451859313353,78.06935401938841
39.58508186399922,327.20133463541663,239.58292643229166,75.74314973448553
39.614985766000245,324.1540100571039,251.46739964203528,76.84403357579727
39.64888295399942,321.1629981657495,261.3555944638986,79.66503283314402
39.67907284299872,317.9643040011703,268.74939653280666,83.51347151833095
39.71310089100007,315.14399655098083,267.71229431630377,86.18325738347188
39.74725743599993,311.8233665559247,259.4114064230343,88.93737450922531
39.78085584499968,309.34629316590195,249.60090155356997,91.75676293031928
39.8111407109991,307.7986370813596,237.46580237679711,95.12400454404872
39.84517026699905,306.1695489996609,222.08392675483213,101.06101540814666
39.87508345399874,304.92271008057884,204.55393849695773,109.57614015963773
39.9136693950004,303.7443168502461,189.32161549878913,118.68205966514174
39.94341667699882,303.80514037168837,176.4580466587584,126.48493929122623
39.97688071899938,303.3948934837092,167.68898809523807,132.58950898963124
40.00700657800007,303.8412995938769,163.5092158700406,135.1415319747719
40.044801293999626,304.4036158722705,163.52500586992252,134.72785537034736
40.07485474999885,305.93666746430563,167.7091808247587,130.72078150499098
40.10875244399904,307.4225975070365,176.27977482911137,123.85143893313418
40.13874907399986,309.4954747267759,190.50597677595627,113.32343469099006
40.17297204100032,312.0115740740741,205.3790954415954,103.01267970936368
40.2071764100001,314.6720952380952,222.66761904761904,92.93075024937097
40.24098534899895,316.89467658843733,235.82150352986068,86.65854351562308
40.27094132499951,319.41990699515185,247.24972791134854,81.99392539105716
40.304878451999684,322.43841250257043,255.0701213242854,78.35032460436511
40.3351673090001,325.0149373433583,257.7808521303258,75.72948745130395
40.37318857399987,327.56114493217984,258.0825590088647,73.18421183992473
40.40299684300044,330.04740010946904,253.0584564860427,70.84958207540808
40.43698815599964,331.9556460029221,244.99655604257984,69.95298240342537
40.466979896998964,334.4069196195254,233.99456464931535,70.44777914738454
40.50093479200041,336.40157728706623,221.0364879074658,74.05840184407079
40.535054492998825,338.22593279736134,206.62543805400946,80.73274524137072
40.569245251999746,338.94878679395384,193.67879872712805,88.98411489226537
40.59897089199876,340.372572101236,181.1185010790661,97.5212480552991
40.63330350799879,341.36087341398644,172.89554440838006,103.53360360759994
40.66337097500036,341.4041620007465,167.61440836132886,107.87839772826455
40.7012118599996,341.2453934154222,165.65863243384857,109.60309957696333
40.730616234999616,341.25093340279585,169.11591560302162,106.71300636325947
40.76499853899986,340.840491830891,177.1913424288361,100.35476651679345
40.795075881998855,340.1765960938782,190.08600032824552,90.7794872332279
40.82851145799941,339.07230820436007,204.8643701114994,81.21378092942359
40.86327065600017,337.4081364829396,221.72317913385828,72.84394755751698
40.89693303099921,335.5037605644723,236.77630456695354,68.51561569339327
40.92689887300003,333.11876671385875,248.74948875255623,68.21614810248838
40.9611163339996,331.02692757986284,260.6464291687573,69.77944294006424
40.99104489599995,328.5092864125122,268.72809985713207,73.07118174055266
41.02909587499926,325.37886988525656,268.7345745832431,76.16818096469717
41.05926606799949,322.0961120502294,260.9208725750624,78.71395672435831
41.09306563899918,319.1395943140073,251.17896502156205,81.86540097350881
41.12302917499983,316.22412683083854,239.70593915982616,86.41571027692996
41.156885066999166,314.0541374708041,225.1407240573907,92.60504084616515
41.19100775900006,311.2989064398542,207.34718509518024,102.64745281914647
41.22504089100039,308.5294027329955,191.13542146476277,113.73319238063567
41.25489513699904,307.13808650466143,177.29145651841662,123.40433857289625
41.289017883998895,305.92228098413426,167.6649804552771,130.7616478857813
41.31908009600011,304.5058976715686,162.6134344362745,135.29387991560165
41.35651431699989,303.7412290847405,162.15991980877476,136.1567373739212
41.387135146998844,303.44508938936616,165.45267394164537,134.081396342911
41.4209379469994,303.4417786308381,174.04902431222007,128.3210012285064
41.45071975099927,304.05593796977604,185.8858295751246,120.44412132492677
41.489046120999774,305.27551874163316,201.7909973226238,110.63809086334496
41.51914140000008,307.5156842468114,220.41227163047225,100.41120346731975
41.55290719099867,308.924318602805,235.3600599805945,94.50007410738354
41.583074602000124,310.68683651804673,247.4416135881104,90.64060450851527
41.61708919400007,313.1241164050307,257.29560268062056,87.621232234754
41.651203647999864,316.0201305767138,263.02511788175553,84.89106711577256
41.68503027499901,318.607096171802,263.059477124183,82.31157206502878
41.71501868799896,321.04194330277164,255.85783538834437,79.72386837136779
41.749391130999356,323.83589297788075,249.48217907852796,77.3469263528134
41.77883426799963,326.25937031484256,237.22338830584707,77.24994015639463
41.81728946399926,329.4386990868985,224.49728121473274,78.65950086971613
41.84697501899973,331.95230923694777,209.40190763052206,84.05730667883353
41.88097571799881,334.32898298530546,195.42739752513532,91.0473744029169
41.91069470900038,336.9634146341463,182.1074332171893,98.90980048513859
41.94486824500018,338.897012802276,173.01545756282596,104.86933632427807
41.97907754900007,340.4235876073939,166.41013624924062,109.42360336607022
42.01296007899873,341.9659004799192,164.64460722404647,110.06963490795997
42.042921156999,343.0548354935194,167.18195413758724,107.34374084270884
42.07680466700003,344.14702217792177,175.08397707450786,100.14815322219232
42.10673700599909,344.33601704949086,186.64069776620096,90.73133251044588
42.14540216400019,344.7797994501051,201.07795568494257,79.61636235065687
42.17455339499975,344.83989691551903,218.09398405411935,68.51583853941393
42.209003472000404,343.75969355847405,233.80253283302065,61.7950551320059
42.23902346799878,342.48082876875446,247.43224577280304,59.16241503882285
42.27287530099966,340.8603465851172,258.7415902140673,59.89299568872653
42.30726747500012,338.7265809692671,267.0667109929078,62.720269134598354
42.34086192599898,335.54744206383907,268.8296166739542,66.13907797038674
42.37094407099903,332.6944633795349,264.1027039309248,68.3499132253471
42.404943383999125,328.6799902510358,253.21057762612722,72.20447203470424
42.43488796999918,324.7292795977689,241.73179354230498,77.6754170814254
42.47300528699998,321.4223868312757,228.03069958847735,84.69120650254548
42.5029370329994,317.8573244359707,210.08198284080078,95.59449639195222
42.53683373899912,313.9758026989297,193.9852644640918,107.65274460620195
42.56694234799943,310.63157495831433,179.76451417310898,119.14355551206272
42.60085231300036,307.8603756505997,169.21656483367278,128.28800182839382
42.63494120999894,305.01713739335094,162.97352162400705,134.6771691822367
42.668927837999945,302.7045471459403,161.48589714966135,137.3685166818894
42.69876043600016,300.96203848153925,163.6795186093158,137.10392946361247
42.73278482099886,299.43519781718965,170.76603001364256,133.49944594308195
42.76694809400033,298.5617499032133,182.29810298102979,126.99462677409483
42.80092901500029,297.79263842614625,197.3487228303982,119.34009321644771
42.83081478500026,299.07818277865823,215.48415213946117,110.08495651061806
42.864910201000384,299.8293084047433,231.3537609278975,104.29904714170526
42.89489518099981,300.8853639029592,243.64293966053495,100.84439980225697
42.93295502500041,302.917635909365,255.79624364607562,97.84539010162653
42.9630951729996,305.5061001621022,262.7747632454569,95.37307936324099
42.9968565679992,308.084050412864,264.2436332029552,92.8906851460777
43.0267896360001,311.1469010727056,258.0377433452523,89.59810101250025
43.06100766099917,314.43112576166214,250.33243432224552,86.62763972607281
43.095080991999566,317.9330572808833,239.91678990436753,84.70047671960647
43.12902198899974,321.8332824738073,227.79646017699116,84.38921886481944
43.15877218300011,325.7219455024905,212.54292411368297,87.56749376233515
43.192886709999584,329.2818599311137,197.8546689628779,93.21517585557076
43.22300588500002,333.2093023255814,184.58933869269785,99.53404925556929
43.26111522999963,336.7383482475764,174.108687546607,105.28663628980935
43.290827247999914,339.64427534330446,167.88069623021076,108.63609151327489
43.32482258799973,342.172860918401,164.7409150974562,109.87775895559672
43.3548579899998,344.7232401157184,166.3415300546448,107.17194898784616
43.389125834999504,347.46271877247665,172.5568608647007,100.44552770341276
43.422954419000234,349.1734966242738,183.6734966242738,90.22395090768471
43.45689031300026,350.59544769609005,197.70854151796337,78.19594298494445
43.486801211000056,352.0104565772669,213.53184865900383,65.77497615114305
43.52074669299873,351.8485488539466,229.33661894703903,56.52983408194556
43.55064311499882,351.45880194623913,244.32089016511128,51.070821993039466
43.58895139299966,350.6435826408125,255.82976580206497,50.13592274187059
43.61868111500007,349.26870348609475,265.45045045045043,52.055002846133654
43.65284109099957,346.4208090759815,268.05679952231674,55.300915336461586
43.682848872998875,342.86223749522713,264.18151966399387,58.243251028285954
43.7168360759988,338.9642544383409,256.25626940530213,61.797139524145194
43.751017057000354,333.89622417478034,243.35977202564712,68.37024107642442
43.78485652499876,329.7275318578135,230.95137491616364,75.88940134732663
43.814747255999464,324.89504822108756,213.97665937272063,87.55211804831447
43.84890453299886,319.9191298179239,197.6894458894932,100.67126388424225
43.87879143600003,314.7618937644342,182.9615088529638,113.92857899212075
43.91702570599955,310.3537074907218,172.24335378323107,124.39586342693494
43.9467401919992,306.11656396713613,164.68742664319248,132.6908857656494
43.980950072998894,302.1587889348726,162.11101430334713,137.32265829354017
44.010526478999964,298.46859045504993,163.8504624491306,138.81351412489937
44.044756626999515,295.48947877165585,169.63885790765113,137.23851133731705
44.07887518299867,292.78558639212173,180.04252461951657,132.9913937192448
44.11297933700007,290.87964247187546,194.1637386346124,126.91680418263694
44.142889175000164,290.25802962223327,210.1035113995673,120.30472858890784
44.177101937999396,290.0361132107164,226.4811455446376,115.02743418228641
44.21104333999938,290.8164055920498,240.177614957049,111.31668282556095
44.244909836999796,292.2709090909091,252.07419913419912,108.61957566729599
44.274849901999914,294.787,261.0308333333333,106.00954133111111
44.30899427899931,297.361562161712,263.99125655758183,103.57371131839417
44.33894280599998,300.8320928584086,260.77281587807903,99.95935335542062
44.37706434000029,304.42239185750634,252.68985015549902,96.4525177236584
44.406818346000364,309.08814055636896,242.58867740361148,92.89456202219696
44.440873587998794,314.02012092377834,230.71176528892852,90.82832484522554
44.47072984599981,318.92524767337136,216.3446412488742,91.6794946663562
44.505045021000115,323.77755625178014,201.2179815816956,95.47137789242608
44.53901855099866,328.8402388951101,188.1824374766704,100.01862700480243
44.57283206200009,334.06911024062674,177.27765342286884,104.4715459104686
44.602942944999086,338.3422492937853,169.98022598870054,107.65607254397482
44.63685806799913,342.58822553897176,166.4913764510779,108.17688323193492
44.666842274999,346.50643811363267,167.16739095445033,105.54139607988444
44.70511227899988,350.37278390033543,172.6403130490337,98.86081867883556
44.73489183399943,353.6473535353535,182.67789898989898,88.58520998421191
44.76881529499951,356.3490224475018,195.33920669402204,76.55429072477592
44.79874669899982,358.9800288739172,210.01211100417066,63.3953009144212
44.83287822999955,360.55122655122653,225.85650152316816,51.282333483404706
44.8670187179996,360.9019607843137,240.30798260726883,43.47537623952904
44.90085059099874,360.21504339440696,251.47259723561555,41.00588336660608
44.93075077600042,358.6993166287016,260.3291993588121,42.12682554775428
44.964900994000345,357.01195814648725,266.51427897097005,44.610671557250285
44.99485244599964,353.53991156620896,263.62051043363584,47.57357007022214
45.0329500429998,349.00304706920053,256.4399807553524,51.75682583129832
45.06279449899921,343.2581668252458,244.48691722169363,58.98651106259769
45.096661833000326,337.94002586485607,231.93121564823792,67.88759036879802
45.12668416899942,332.6310754912099,218.56911409858668,78.55644733755796
45.160964945998785,326.2852149882142,201.9898398764529,92.99706232856654
45.19493391399919,319.56547064305687,187.25139794967382,107.48888697718608
45.22861674900014,313.5591861432569,175.43975493533014,119.87070794093184
45.25873294699886,307.93846615638597,167.82342788533694,129.19677741140424
45.29284185399956,302.0081795150199,164.0786102062975,136.069533769756
45.32267961999969,296.83336989105794,165.01645097609125,139.2438268083129
45.36097035700004,292.0268062671716,170.34462018266873,139.46868784083279
45.39056258100027,287.70384673633197,180.07133121308496,137.13241162356374
45.424882477998835,284.2077530176416,192.46309192200556,133.55679719429435
45.454676080000354,282.5536370903277,206.45675459632292,128.82365394705633
45.48884046499916,280.8770366803114,221.55550204671323,125.19998767194588
45.52306592599962,280.52351586910044,236.1535931590199,122.13747264890338
45.55685151599937,281.2750570921086,248.44514928529136,119.82772401677443
45.58682763999968,282.8736446309898,256.6469045120672,117.87550070739482
45.620852504998766,286.19324608175793,262.00048473097434,114.6316146042266
45.655011052998816,289.6825797760377,260.4114675423087,111.09475686938104
45.68881945499925,293.8209638995785,252.70139270661534,107.04047919605901
45.718810229000155,299.43579469566873,243.52480442663614,102.29631462073334
45.75267252899903,305.31352050975704,232.47869374751093,98.70899149194668
45.78272807299982,311.5243423635649,218.95848056537102,97.2706691236737
45.82086805399922,317.4246290520744,204.34316227199696,98.94326434145566
45.85071868799969,323.8447501403706,192.06344750140372,101.1063435801067
45.88473367000006,330.7179412051958,181.42357652114464,103.550490502092
45.914472381999076,336.78583069696094,174.71229987537149,104.77902164639922
45.94868646199939,342.8386052534221,171.4385867554569,103.899653604306
45.98287766700014,348.45330774853795,172.0409356725146,100.3635996559998
46.01677434599878,354.00321572951117,176.48033811098858,93.71412687454767
46.046859437999956,358.7856042063276,185.1028918502402,83.85549424646635
46.08076318500025,362.8790366721401,196.71930304688922,71.78548745834318
46.11064135199922,366.18848072562355,209.7788662131519,59.085669152221065
46.148956015000294,368.55843828715365,223.02367758186398,47.315912000011224
46.17853815499984,369.89278801649414,236.37944963393082,37.505211982469675
46.21274745699884,369.8136228182205,248.03150276713492,32.4084432657743
46.24284062900006,368.8448056896114,255.76123952247906,31.958805422838978
46.276373791999504,367.02671118530884,261.1267986326417,33.89076426318647
46.3108449299998,363.1253100675733,258.54580446497306,37.62845143748749
46.34471534600016,358.5603329900446,253.32526604874698,42.41090530939575
46.37441950399989,353.0310527644534,244.20188504586383,49.58752031026009
46.408696804999636,346.2656461771506,232.2904408833612,60.115567938774404
46.438648139999714,340.70115241313573,220.38254917251538,70.69813673209721
46.47599264099881,333.25471619712454,205.13221972907834,85.550295919736
46.506639659999564,325.1690950299498,191.58604500566616,100.41646788156248
46.54079334099879,317.73551072686513,180.5670028818444,113.31765614993492
46.5703033209993,310.17209154985346,172.8231567276471,124.13069659762672
46.604686908000076,302.6258059679112,167.70827710301396,133.14217080761037
46.638787879999654,295.2813106433796,168.15129123749813,138.35641642653232
46.67254889600008,289.05766807501294,172.6527314505967,140.38509088762484
46.70275224099896,283.0528067450632,181.37571185563198,140.27691848374695
46.73668213400015,278.24113957530415,191.9647094385249,139.02861877403666
46.7663701649999,274.9995225590833,204.96482851913743,136.357608036267
46.80468058599945,272.054247134558,219.07889778615169,134.36220316593912
46.83476884499942,270.2327014218009,232.37883096366508,132.94646798184593
46.86912238399964,270.26220782226335,242.66265524955642,131.34648860403215
46.89831928199965,272.18907000551224,255.33734939759037,128.57713638820388
46.93667667400041,274.8427028743846,259.1480069874543,125.90994312321646
46.96692607799923,278.41636141636144,258.0933658933659,122.32863980753326
47.00074076800047,283.13644859813087,251.0026702269693,117.79881724527516
47.03078861999893,289.0376875228686,242.41108671789243,112.7489236863266
47.06464501600021,296.1180633147113,231.96061452513968,107.74734422349275
47.098688227999446,303.3359269932757,219.72170989433235,104.55243136948374
47.132584749999296,310.9551667577911,206.02496810643336,103.60032983966323
47.1625643619991,318.695790161486,194.64771772612713,103.48098049816755
47.1966395849995,326.6964862298195,184.20978157644822,104.3301435023588
47.22677738600032,334.25045406748876,177.74686932415636,103.99470265612719
47.26481523599978,341.7341158934227,174.815259921744,101.7500814818168
47.2947865999995,349.3085725004689,175.1862689926843,97.23755055228791
47.32871337100005,356.16303740926855,178.81648985669085,90.61481168123015
47.35874566599887,362.592634032634,186.62163170163169,80.67550407986519
47.39277385300011,368.40207923574036,197.28069682495084,68.53638763000035
47.42646443400008,373.20884409334417,209.4913284300372,55.52347366183722
47.460608491999665,376.6777420507324,221.54546266523758,43.437132179046614
47.490788786999474,378.9006677796327,234.10545353366723,32.1579173487249
47.52470686599918,379.3664345284154,244.1977473991918,25.288109577262993
47.55468007200034,378.83659108678654,251.92589696811746,22.657462246149652
47.59284135800044,377.4020838460907,256.999753876446,23.352984137116444
47.62264566900012,374.14410018703745,256.20102464015616,26.642824666479125
47.65662617599992,368.69884271436086,249.40627739786078,33.10289355604924
47.686608980999154,363.2139140651225,242.65483383685802,40.436031269433784
47.7205863500003,355.7992733878292,231.34414994632976,52.10573800541843
47.75490595699921,348.21364254162415,218.89653414882773,65.31194482021871
47.788072606999776,340.8238715277777,206.98402777777775,78.50593544694033
47.81887566200021,331.6969927352593,194.57019766852508,93.56102971929062
47.8527254189994,322.5966975231424,184.28713201567842,107.22585822654291
47.88270168099916,313.81003052049823,176.71615936649343,118.81468360568321
47.92086135600039,304.48276942355886,172.46358082706766,128.5790071198958
47.95082472699869,295.63282647584975,171.92069171138937,135.67443113094993
47.984811325999544,287.6035087719298,175.46798245614036,139.8711628408054
48.014839555000435,279.7278614567416,183.1777632249145,142.1247712969133
48.04885404800007,273.64016193095017,193.24969446990528,142.51348499792013
48.08288502799951,268.7585827637677,204.4756854426899,142.31554390694365
48.11664612899949,264.46089773253124,217.33587845133425,142.13702023686506
48.14686487200015,261.71216594746005,229.3569535922477,141.89300346772328
48.18079323399979,260.65172974228,239.56381085055335,141.26248662828547
48.210762593000254,261.4303044002411,250.36407474382153,139.50740836329712
48.248929899998984,264.0499854693403,253.59553908747455,136.7561885755261
48.2785344240001,267.724945533769,252.85636476812942,133.10781535615777
48.31266791899907,272.4316138605219,247.09889150737538,128.75044731921287
48.342815607999,278.7887911892708,238.9783284483524,123.38513456607598
48.38068212299913,286.22031513787283,229.40339523541547,117.96947889099437
48.41077614299866,294.3473389355742,218.30261759876362,113.45904454675363
48.44467233999967,303.73979052560776,206.74795810512154,109.57467346185436
48.47452972999963,312.498776841533,195.39231675274075,108.02905641869937
48.50878163000016,321.4570283370619,186.6387024608501,106.47553416016163
48.542916487000184,330.2603867509094,180.5232624928202,104.52349982624291
48.57674820899956,339.39050332383664,178.45944919278253,100.22129216068647
48.60680436199982,348.551747507019,179.56859328105332,93.965518054084
48.640829969999686,356.6992784992785,183.1270803270803,86.61397004054975
48.67089496299923,364.6041061398412,190.04406352895603,76.7088727478788
48.70882318799886,371.81906729634005,199.7720385674931,64.75347506804093
48.73877858299966,378.21437603345976,210.49771423013325,52.308882395648524
48.77272666799945,382.7420044716632,221.50345095751916,40.43150891566525
48.802821819999735,386.32450133968445,232.09645727895207,29.390123572603777
48.8367132709991,387.9235069137982,241.06982445817394,21.003231603968928
48.870894539999426,388.2345282682361,248.9505974674514,15.269342619854166
48.904645041999174,386.77578591842035,252.4145665540833,14.937222005464639
48.93469518299935,382.51565995525726,249.24067859806115,20.09844216401207
48.96870411099917,377.6899203000468,244.98180965775902,26.332722564831634
48.998807312998906,371.55354155047405,237.5962074735081,35.44724731745363
49.036945339999875,364.27338196782637,227.76599326599327,47.186178219272165
49.06671418000042,355.8392938392938,216.82491582491582,60.726654851749814
49.10070984199956,347.50991788910414,206.51406956361285,73.85470633817492
49.130583723999735,338.11730231719406,195.57397890181227,88.2186712598846
49.164815715999794,327.96759259259255,186.77635327635326,101.62416023399655
49.19882818199949,318.19274490137076,179.30692076228686,113.84718659938203
49.23288360599872,308.22081365481813,176.18195376584637,123.31574966113017
49.262576273999,297.2071567483469,176.74523531699725,131.43285704897374
49.296697818999746,287.58365522987197,180.233507536166,137.1398231582465
49.32693698299954,278.3335540838852,187.254157468727,141.23692012514496
49.36491554599888,271.26925762159647,195.73935303700256,143.53978109688546
49.394691956000315,264.9304775280899,206.61360799001247,145.10632607337735
49.42888573199889,259.2596326690113,218.29620945681904,146.87090848468716
49.45878452299985,255.3556498506993,228.88323118026088,148.2181985008855
49.492789563999395,253.11045597484275,237.4888364779874,149.01177667665118
49.52696203999949,253.21509939691757,245.27905591541955,148.05174324957275
49.5606996890001,255.0870910698497,248.1893604479811,145.96785125387822
49.59064770799887,257.9831108914154,245.1183061459878,143.31514577840966
49.62463862000004,263.1006443193867,239.75540331131228,138.80930198981116
49.65863535899916,269.51336717428086,232.2304568527919,133.68089480209665
49.69236418999935,276.81114605171206,222.94811320754718,128.71501770623027
49.72292369599927,285.5948070945328,213.2345949899433,123.43876034092284
49.7565732589992,294.81122042010105,202.53691394132764,119.43809586550726
49.786413713,304.94694638694637,193.93874125874126,115.08000255035564
49.824778681999305,315.75547283523883,186.36116281130901,110.96483523167342
49.854766276999726,325.6291221339179,181.55439846533298,106.96430382657817
49.88895623799908,335.42373045926786,181.42887658996017,100.42400390735563
49.91884757200023,345.5730905412241,183.62094081942337,92.37132116806568
49.952393864999976,354.8663599182004,188.16554192229037,83.31063632551792
49.98696607099919,364.2839848158407,194.803324099723,72.70558181584003
50.021179719999054,372.363420917053,203.4658423493045,61.21657304119288
50.05045992399937,380.00375,213.3871875,48.93186053137052
50.08453337199899,385.6387348531526,223.06798110494967,37.788487714003054
50.114439123999546,390.43682195277603,232.3808764092746,27.342373447462993
50.15274056799899,392.951448130595,239.42032648762503,19.876972161321095
50.18281375799961,393.71299871299874,244.29000429000428,15.146884004323237
50.21644300799926,394.0014602803738,248.37821261682242,11.50972632327872
50.24668262999876,389.9532860824742,243.96939432989691,17.468282754724523
50.28068621300008,384.9083459787557,239.6034395548811,24.051635906113752
50.31480584599922,378.73636749416505,232.4169318905156,33.5244315861066
50.34859382600007,371.4117153934821,223.29183694854865,45.2187683254304
50.37874135799939,363.15781200880224,213.42408047783715,58.08299971227582
50.412528410999585,353.1253656076651,203.58275340393342,72.08947175409227
50.442346343999816,344.1888043690267,195.01404330017553,84.43227745555433
50.480726218998825,334.1144771337023,187.66171472958538,96.67336870915842
50.51081653700021,323.4811471556182,182.7184767277856,107.66954004159207
50.54454978099966,312.81825355076273,179.9973698053656,117.34406198025646
50.57469342999866,301.557366990972,180.49075291436583,125.69905376226465
50.608456721998664,289.7869498752916,186.39922761284095,131.89466258346914
50.64281535099872,279.62639986824763,192.99365942028984,137.32169475354874
50.676731563999056,271.54752947078003,201.64844076582224,140.8342032285468
50.706441116999486,264.0089406207827,211.74746963562754,144.25243373778673
50.74066303099971,257.3375329380764,221.82271080368903,147.82805225870936
50.77064410499952,252.67514055243217,230.78847877454575,150.49602105210937
50.80876991199875,249.65624236501344,237.84412411434155,152.3880569451192
50.83869827600029,249.25233356476122,244.55943840160455,152.06141296403354
50.872681229999216,249.89561424008724,244.52465529329282,151.42357499378147
50.902585890999035,252.4605890364317,239.96041879468845,149.34185255547203
50.93660275000002,256.82371054657426,233.9909331964759,145.86145297192581
50.970682105999,262.88235294117646,226.1739433551198,141.4220924616844
51.00473901999976,270.1775717920756,216.91839331152306,136.78932124096895
51.03475318799974,278.64604907174174,207.36402649500886,132.0693522780451
51.068710689,287.38891906572513,198.69554589896796,127.79550209204285
51.10268740900028,298.31881661153983,190.96747519294377,122.24983419808495
51.136579816999074,309.7856532877882,185.235885757662,116.29876152513167
51.16654135200042,320.6621930325528,182.40576813249572,109.92395398379647
51.20067201399979,331.26962777604,183.97758315087057,101.30456408018122
51.230473523999535,341.72309027777777,187.74479166666666,91.53183907470074
51.26869626199914,351.5247214107973,192.96581196581195,81.32564992680216
51.298402002999865,361.61922263058244,200.38200245016145,69.40326924352155
51.332606588999624,370.79911171848306,209.58410203849218,56.67832069928889
51.36231788799887,378.6187521544295,218.72538205216588,44.82218885653862
51.39645042899974,386.2698521828807,227.61727970665748,33.38922585703895
51.43067866399906,390.77705106138836,234.84176706827307,24.94230885019246
51.46434501699878,394.1735471397702,240.5634027066985,18.35872968716394
51.49444137399951,397.345931433292,246.6658405617513,11.551345131702755
51.52840973599996,396.80398492191705,245.97985998922994,12.37044935590386
51.55871231099991,394.79309614570093,242.47892842016094,16.348704245983633
51.596853170998656,389.9782028985507,234.33460869565218,25.731895422254745
51.62634825799978,384.1426871355468,226.83755801499464,35.04959677647704
51.66076764999889,376.45726944152966,217.7119039291127,46.79089684485176
51.690700993000064,368.6391850272447,208.81165600568585,58.49270262373944
51.724610545999894,359.5275292498279,200.3094746501491,70.66247293257135
51.75874499800011,349.47646013768593,193.6005996002665,82.08469197920404
51.7925817510004,339.92540040847035,187.7744813501021,92.67879942256693
51.822469005999665,328.9129213483146,183.66739492301286,103.15748909605173
51.85655082899939,318.37619979498646,182.6315348057031,111.44813395519827
51.88667890999932,306.86865866145394,185.0180582705017,118.72734505191333
51.924825042999146,294.59977114690605,191.19786990581812,125.25974879992442
51.95427388999997,284.28568835647513,198.97713041110808,130.42892008901018
51.98857022099946,275.6575832645197,208.1389118267731,134.54961972062506
52.01843087099951,266.97538434195326,218.4419265973518,139.41237389443683
52.05245747299887,259.878374836173,227.52494539100041,144.06292645439146
52.08674195399908,254.3457691973215,235.41594921297502,148.0857851275907
52.11982148599964,251.4295100134568,242.2425393809863,150.1134566140224
52.15039472399985,249.65958462640248,245.0429696825018,151.61454042162038
52.18443788500008,249.7511164274322,243.3121212121212,151.6777846685141
52.21397042299941,250.99266330769908,236.14001591089897,151.29662451886122
52.25252659599937,254.86070875466882,229.10950168534208,148.66003091311364
52.28277164499923,260.3190053614346,220.42512479201332,145.28987619969917
52.31694754499949,266.8366312971991,210.7923716661887,141.88788283384062
52.34640993599896,274.27969348659,201.55977011494252,138.368033445143
52.38443925399952,282.49303232998886,194.0443143812709,134.29887271559252
52.41441691900036,292.8776892795019,187.34633342488328,128.7854829539
52.44860298399908,304.3740697218958,182.12034860947904,122.47620869099218
52.47846977900008,315.7190709281121,181.70928112102888,114.03858357643212
52.512399200999425,326.2644815501958,184.48402391259532,104.44475686656952
52.5466924579996,336.55490013453374,188.9499120355997,94.06212524158089
52.58058582099875,346.4275429394219,196.5057081147794,81.82780413141921
52.61061383299966,355.91351114037974,205.03073208209852,69.1699814339807
52.6447645119988,365.48053858338983,214.44557592215432,55.812178149237226
52.67440645699935,373.69083130997797,223.87848306162562,43.31503892275181
52.7128863529997,380.5528568123988,232.42921582234558,32.35137296720728
52.742210548,387.3626085921694,239.33464238962273,22.728331314969534
52.77665997300028,393.29140261934936,246.66339247993238,13.322354018767257
52.806699306000155,395.19118600129616,247.59256858932812,11.537702606461997
52.8403221009994,395.53342013888886,245.38910590277774,13.373813617070649
52.874609163998684,392.3430629264594,236.96613596158704,22.376823813609942
52.908616095999605,389.67884828349946,229.97391411344896,29.858200050704102
52.93841000999964,386.06110366398565,223.78753351206436,36.96022145855957
52.972419177998745,379.93671892751644,215.108952510793,47.40742009408267
53.0023039509997,373.0157515252357,206.29861342207428,58.40883294503697
53.041022935,362.68388948690347,195.0654227963162,73.29691313464177
53.070545081998716,353.7629092507141,188.59723137771917,83.5659897396123
53.10457772799964,344.41136612021853,184.03737704918032,92.73870992163532
53.134846887000094,334.35778675784894,182.01564604704174,100.67871306730987
53.16863559699959,324.4654506851959,182.84713375796179,106.87524954892268
53.20247425999878,313.7811755739735,188.14004001143184,111.36434095644705
53.23684045200025,302.31768011238205,195.36273329319687,116.5096294029354
53.26600253799916,291.65531081742535,204.43494860499266,121.40109781386927
53.30047414100045,282.4199628870007,215.09971676921572,125.76152366033809
53.33034099699944,273.79263620222406,225.1409214092141,131.0619260675423
53.36862177599869,266.2490379329302,233.62699285321605,136.63380041456335
53.398634227,260.4452502462172,240.67293401378814,141.32930234184676
53.43252229300015,257.1146522840565,247.2047887554139,144.013108253981
53.46229669599961,254.88354389374794,247.68950437317784,146.20436040911628
53.496417897000356,253.02836879432624,240.79323513366066,148.68107566972708
53.53066768899953,254.23253709735792,234.32772348896125,148.36530581400572
53.56446592499924,257.0410185185185,225.80203703703702,147.20230346097705
53.59428887799913,261.551441519622,215.80946871082824,145.36158923743992
53.62837613299962,267.29343209876544,205.66291358024688,143.23978306741898
53.662412621999465,273.29027341145087,196.20986948651995,141.51437903790344
53.696560975000466,280.82339244133976,188.8023464087408,138.30673169812513
53.726694905999466,289.66951881497835,182.037353942405,134.40001227574268
53.76039199200022,300.2540143161153,178.5355968272393,127.93068573414416
53.79041821699866,310.517828525641,178.75631009615384,119.89110895844229
53.82846027300002,320.79325775656326,182.3156324582339,109.89032498856795
53.85860652199881,330.64072864072864,188.74131274131275,98.33943533420158
53.89261607200024,340.60444579780756,198.07155907429964,84.69399910075856
53.92251483799919,350.48016722749054,208.82359539104718,70.11402634378437
53.95652494499882,359.9367904265112,221.14350005114042,54.79117556780637
53.99067026699959,367.8774555659495,232.010186051346,41.71939163976484
54.02443252699959,375.27022194172713,240.88944987903648,30.524217930755587
54.054352612,380.9969658924461,247.33291483573967,22.30606594933524
54.08842348899998,385.21349132106843,250.6418251740983,17.06196463597592
54.118444726000234,387.8857935745544,250.03223396306967,14.974291257250385
54.15657836799983,389.02423660046975,246.41949604954087,16.271018394934178
54.18637488999957,386.9039587725462,236.93651909112202,24.95850223074058
54.22037835999981,386.32725262576,230.38584853510224,30.890805419829064
54.250644308998744,383.046314851926,221.31885994210643,40.46285062423618
54.28457239999989,376.82716510903424,208.50454828660435,54.70659653055471
54.31841193999935,372.3420191765369,201.65064861816128,62.84020703985181
54.352526544000284,363.84292821606255,190.35797204453917,76.79497491050611
54.382213164999484,356.07587887225895,185.00823761457244,85.3242838708334
54.41641793800045,349.1583805328298,184.32221522970423,89.70110935445443
54.446316310999464,339.95898989898984,182.26868686868687,96.8795418057594
54.48464564999995,329.9689265536723,182.61268047708725,103.18994812239659
54.514542949000315,320.4649432040736,189.61026243634936,105.27018669335182
54.54831107899918,310.7442880456956,197.9003467972256,108.05891174234257
54.57855129999916,300.9676202452059,208.80855077019805,111.11417199892755
54.61255952099964,291.36134280712594,220.22644423849243,115.62596616976515
54.646447678000186,282.7962085308057,230.76510663507108,120.98587583610781
54.680465976998676,275.8717136825945,239.8488773747841,126.14301351162742
54.71057035099875,269.7684210526316,246.14035087719296,131.4856151515838
54.744401343999925,266.10625160792387,251.7741188577309,134.76874398069197
54.77437544699933,263.2844557390936,250.72545531554425,137.63705986806693
54.81251198899918,261.01708438937385,242.9917394161269,140.49991946272593
54.842197579999265,261.0817717206133,235.09795570698466,141.48062705263632
54.876272854999115,262.89722380680735,225.04249857387336,141.66418680525862
54.906455738999284,265.99630709426623,213.51972789115646,141.80785477695426
54.940568103998885,270.34096994941984,202.53734007735792,141.593174831655
54.97463986599905,274.97873760488176,192.668001525553,141.587195074897
55.00836245999926,281.1196046427276,184.77965179542983,140.10115649691332
55.0382432489987,289.06146059291393,177.8817787418655,137.277000683573
55.0723739369987,297.4808047249907,174.7876522702104,132.43418015554656
55.10628922899923,306.2465448922393,175.7363487001063,125.09539653132431
55.14023924100002,315.7588510354041,180.3117663899227,114.9452107603845
55.17033220799931,324.4888628370457,188.12309495896835,103.23119260929063
55.20416047700019,333.39210312626875,198.4325010150223,89.71996590253835
55.23435181199966,342.5399327448507,210.4377889869693,74.98024975739041
55.2724291859995,350.881109775641,222.28024839743588,61.1663877761695
55.302440933999605,359.2631527574426,235.00917520741822,47.28463334949427
55.33623553399957,365.2617970265029,242.13197586726997,38.75000631305753
55.366304786999535,372.1284023668639,251.59171597633136,29.26189512918551
55.400344915999085,376.3838232353529,254.46980603879223,24.57457521237622
55.434435020999445,378.9984742142203,253.08900417048113,22.230631266468244
55.467821103999086,378.95724492074123,245.4944183969636,24.97601159366625
55.498380286999236,379.3479903813123,237.84564296347187,29.193110672471676
55.53237382599946,378.3223254213966,227.6468294920307,37.50066330277192
55.56229882799926,376.2863172704889,217.56923437683196,47.00163129054762
55.60063197300042,373.96725994286965,208.44484728631068,56.06844967553464
55.629915256999084,369.6506856710938,198.56743332253535,66.81453992741255
55.66456035900046,362.43911826452063,186.80125962211338,80.59013045014518
55.69415684999876,356.08605167777387,180.3566000233836,89.31567214845843
55.72874229599984,350.4651162790698,179.9645625692137,92.583631544789
55.76240474899896,343.1774425287356,179.9972290640394,96.70883549211004
55.79633784699945,334.2455801992928,180.86756669881066,101.61805410743754
55.826357001998986,326.4484530784253,188.52297255627505,101.5193114973832
55.86026015399875,318.53396337861784,198.03888560740302,101.58106483750217
55.89022509299866,310.0184085510689,210.11401425178147,102.45094376052121
55.928452621999895,301.70026073004414,223.42559165663857,104.80878889456206
55.95805014600046,293.7910982099661,234.7732946298984,109.38424445985197
55.99225553599899,287.0298702510968,244.0659012414823,114.52965767108567
56.022141060999274,281.6913455037187,252.966446923597,119.14734483524995
56.056223973999295,277.57364908854163,256.06103515625,123.18172192473297
56.09063518699986,273.0634230316209,251.58566639485366,127.82756609303982
56.1243052159989,271.20353576990016,246.06741778876977,130.0626303766974
56.15423922300033,270.46463537377616,236.55339006313477,131.98577488937488
56.18834791399968,271.1840162421558,226.0394056847545,133.3741355969557
56.218141347999335,272.9757236227824,213.34967320261435,135.24907037279092
56.25652923300004,275.74837330358804,200.9401375720394,137.28205039145828
56.28634162799972,279.1493340389874,190.45488224397988,138.95345811743152
56.3203395620003,283.76170869788984,181.04117344312917,139.86577683260478
56.3503532499999,289.66871479774704,174.68399044205495,138.6739026894138
56.38436160699894,295.8974691198065,171.42472143042238,135.78411969613742
56.41841368600035,303.3578628133083,171.85567745963783,129.82451596021411
56.45235126700027,310.47181919642856,177.04120163690476,121.06171420717504
56.48219199099913,318.24745669507837,185.60571899917514,109.56362210163114
56.51631085199915,325.9448811256671,197.0884036875303,96.27800061076398
56.55058945499877,333.72345155097497,210.05334949984845,82.23488585157676
56.584362182000405,340.7551333129022,223.6062927776075,69.00360449712014
56.61420128299869,347.4463309352518,234.60527577937648,58.088932854912876
56.648208221999084,353.98799348799344,244.96357346357345,48.4616201270177
56.67823961799877,359.06479217603913,251.20466585167074,42.18359176469042
56.71651423900039,364.9535472972973,257.3567942942943,35.79254352578915
56.74624256599964,367.6029748283753,255.14673913043478,33.24007856852077
56.7803474809989,368.70338257332475,247.92721044744164,33.49999711732643
56.810292202999335,369.52518687032824,239.50373740656482,36.138056586619
56.84440921100031,369.63292669524117,229.10319815364326,42.26157307374024
56.87853968899981,368.4561920349154,216.97261320240042,51.97819257631062
56.912213645999145,366.36436470322724,205.5469419995486,62.470379773255935
56.94226138199883,362.92348832132717,194.17419777341192,73.93716438633852
56.97641090399884,358.8875855327468,184.3919843597263,84.42114545123582
57.00612772999921,354.4426055590918,177.76288987905792,92.38370135856522
57.044286921000094,349.35009651529003,174.060855430255,98.17268161731232
57.074416941999516,343.6151121605667,173.931129476584,101.40007437183982
57.10812177099979,337.785246876859,177.80477890144755,101.72537020590475
57.138232454999525,331.7288492861933,185.22008239915684,100.08669190842099
57.17227033999916,325.07726889575724,195.80172333052354,97.7632162462046
57.20633605100011,318.56752954417556,208.58816357156255,95.73710463003636
57.24026841500017,311.34278892072587,223.1895893027698,95.83331985425346
57.2701907619994,304.4691114245416,235.7905030559473,98.73811701487237
57.30427656499887,298.3860168730928,246.41814754981152,102.9788843769677
57.334184424998966,292.8940420357825,252.72034045509812,107.96551948678784
57.37231843999871,289.15920275590554,259.01000656167975,111.59280473494327
57.402160439,285.62150065104163,257.6599934895833,115.122896277821
57.436066353999195,282.64855836849506,249.58808016877637,118.37451063368245
57.466203301999485,281.1242399491787,240.839640620746,120.80336184686014
57.50016893499924,280.6223951346033,228.88856095161432,123.53030057403257
57.53432894599973,281.05166981726524,215.7763074984247,126.82445287609734
57.56811978299993,282.67048583355535,201.9578115285549,130.5729739397773
57.59827040500022,284.2348736277764,190.3426091396477,134.58189660883562
57.63230896999994,287.6788076697647,180.06037009126683,137.1592572491487
57.66229545299939,291.50071028662154,172.91459847915098,138.2886646234532
57.700318727000194,296.07846549009855,169.29836771894935,137.00677468414827
57.73025509599938,301.3530060205206,169.84015941660306,132.6613897724699
57.764175631999024,306.6921675774135,173.63179807442103,126.15182734590427
57.79418885300038,312.5815136367622,182.19328246952554,116.08124607342191
57.83221032799884,318.75570530098827,193.93063791554357,103.87220410544526
57.862110492000284,325.37688718089487,207.9153627962302,90.3291921473748
57.89624267900035,331.54706278242475,223.21055667724258,77.31883411000081
57.92617582499952,336.77371991450605,234.86014310937642,67.92773619991384
57.9602156889996,342.6197683109118,245.1193946188341,59.471781727396355
57.994575411999904,347.51585944919276,252.36847103513767,53.495466468943924
58.02842317199975,352.80876352669856,258.96132694695757,47.952059762513585
58.0579685649991,355.8900552486188,257.8209023941068,44.85447979976672
58.09231106199877,357.73479874393377,250.68836235607571,43.578335404956135
58.12224632200014,359.2345093388675,242.36703231544618,44.25327643131704
58.160372704998736,359.8487088507786,231.30928444707274,48.674845978770485
58.190085068999906,360.1663193410737,218.91138235585984,56.13909778082802
58.22418355300033,359.10089285714287,206.08065476190475,66.32761130608874
58.25407747999998,356.97654247979494,194.63956238911885,76.76583762745805
58.288034633998905,354.63806413301666,184.89321060965952,86.18287789461105
58.32240751899917,351.9806763285024,177.53524598245093,93.83624948031223
58.35646992900001,348.409811177531,172.24489989562574,100.21227169091314
58.38634623899998,344.66391733029957,172.62144482366327,101.90383991456615
58.42034534499908,340.62749445676275,175.72570214338504,101.66022963213325
58.450153047999265,336.2651024811219,182.4573894282632,99.09553196733003
58.488352320999184,330.9409594095941,192.80477947636618,95.31359217434547
58.51817351699901,325.95350669818754,205.88766307678836,90.98797170878997
58.55223461899914,320.617008069522,221.51636073423782,87.92089352840456
58.58215108299919,315.1423100899456,235.53326208923323,88.42705409185564
58.6161536489999,309.93335062240664,245.71144536652832,91.59974161336291
58.650361644999066,304.9078527713128,253.66158089819842,95.92183473219002
58.68416318799973,301.28761904761905,259.9321428571429,99.48168055360769
58.71416209199924,297.79673063255154,260.1401721550975,102.97643192950054
58.74814640799923,294.0478246148637,252.96300998814962,106.8019292357601
58.77825207099886,292.37722975750097,246.08787505137687,108.98816749222378
58.8163372580002,290.60609280906834,233.5884697130712,112.74793560795273
58.84631609899952,289.946071962699,220.17049353391397,116.98366318974104
58.88017642500017,290.17110428400747,205.05649428230072,122.46802217583456
58.91020331099935,290.6201531640467,192.07279322853688,128.19929260566175
58.944308912999986,292.10186548846343,180.98715431189657,132.99989331430916
58.97840268499931,294.1838471419396,172.57193320488116,136.39263190085117
59.01192399699903,296.9037726838586,167.8567335243553,137.3162607541977
59.04210009800045,300.2117881322182,167.3784946236559,135.1512234936526
59.07588900399969,303.9357246027925,170.86848017974643,130.04869795439146
59.10562289999871,308.15155198962634,178.3317124564389,121.95779269356498
59.14427691799938,312.58804953045785,190.45225629518822,110.88101553635855
59.1743257929993,317.7532175865941,204.4030405113587,98.63434868095348
59.20821281799908,322.62181752287756,220.8889190903325,86.363359823547
59.23816687699946,326.90884353741495,233.97777777777776,77.55458632421916
59.27661757699934,331.1578947368421,243.95530282993917,70.93208282332557
59.30610287399941,336.00504368188774,252.52661442853284,64.94619475115843
59.340155073999995,340.021879021879,256.9718698290127,60.726945782324755
59.37064133599961,344.05315938942135,259.1504259850905,56.709627732888606
59.404203993999545,346.7875364774545,253.21434622987857,54.1434790682547
59.438334087999465,348.41775918177586,245.40743840074384,53.75248370049721
59.472390609000286,349.9906688839615,234.39467849223948,55.851190404192366
59.502227725999546,351.0679683867968,222.04667596466757,61.150066523175056
59.53653799699896,351.7703808180536,208.80009402914902,69.21153326286537
59.56631758399999,350.99589284047414,196.57332213198916,78.81694759014209
59.604208581999046,350.30314285714286,185.9084761904762,87.74506695067183
59.63419996099947,349.0827429866818,177.39888542552185,95.48900744673408
59.668206872000155,347.31695971718295,172.4066424783701,100.65019789649591
59.69834152899966,345.1764491764492,171.14887614887613,102.85875385073643
59.73242387800019,342.54103343465044,173.72229897761812,102.18064637260522
59.766365456998756,339.98912848158125,180.41006289308174,98.31508562328487
59.800269780000235,336.4614847771089,190.26206054261536,93.17172404533132
59.83013103299891,333.1609923462655,203.4528899445764,86.66550708737847
59.8641194869997,329.2388274435752,218.76009351677007,81.42373780498048
59.89391276399874,325.01545842217485,232.9203091684435,79.68186021529156
59.93221920599899,320.61154110767114,243.73968008255935,81.34082538143767
59.962150379999,316.5292756718277,252.86127424808683,84.35434789866805
59.99605511200025,312.70333953405964,259.0188679245283,88.05083712881141
60.026223216998915,308.76743596246513,258.952489644095,91.9853983859039
